Datetime,Demand_MW
2021-01-01 00:00,31840.0
2021-01-01 01:00,29780.0
2021-01-01 02:00,28340.0
2021-01-01 03:00,27430.0
2021-01-01 04:00,26970.0
2021-01-01 05:00,27290.0
2021-01-01 06:00,28690.0
2021-01-01 07:00,30900.0
2021-01-01 08:00,32210.0
2021-01-01 09:00,31510.0
2021-01-01 10:00,30300.0
2021-01-01 11:00,29190.0
2021-01-01 12:00,28110.0
2021-01-01 13:00,27380.0
2021-01-01 14:00,27100.0
2021-01-01 15:00,27830.0
2021-01-01 16:00,29790.0
2021-01-01 17:00,33040.0
2021-01-01 18:00,33990.0
2021-01-01 19:00,34130.0
2021-01-01 20:00,34010.0
2021-01-01 21:00,33440.0
2021-01-01 22:00,31980.0
2021-01-01 23:00,30730.0
2021-01-02 00:00,28550.0
2021-01-02 01:00,27150.0
2021-01-02 02:00,26500.0
2021-01-02 03:00,26100.0
2021-01-02 04:00,25950.0
2021-01-02 05:00,26530.0
2021-01-02 06:00,28340.0
2021-01-02 07:00,31000.0
2021-01-02 08:00,32690.0
2021-01-02 09:00,32450.0
2021-01-02 10:00,31410.0
2021-01-02 11:00,30390.0
2021-01-02 12:00,29510.0
2021-01-02 13:00,28800.0
2021-01-02 14:00,28300.0
2021-01-02 15:00,28620.0
2021-01-02 16:00,30640.0
2021-01-02 17:00,33940.0
2021-01-02 18:00,34940.0
2021-01-02 19:00,34940.0
2021-01-02 20:00,34710.0
2021-01-02 21:00,33790.0
2021-01-02 22:00,32150.0
2021-01-02 23:00,30880.0
2021-01-03 00:00,28690.0
2021-01-03 01:00,27410.0
2021-01-03 02:00,26850.0
2021-01-03 03:00,26400.0
2021-01-03 04:00,26220.0
2021-01-03 05:00,26750.0
2021-01-03 06:00,28490.0
2021-01-03 07:00,31090.0
2021-01-03 08:00,33250.0
2021-01-03 09:00,33720.0
2021-01-03 10:00,33140.0
2021-01-03 11:00,31970.0
2021-01-03 12:00,31320.0
2021-01-03 13:00,30290.0
2021-01-03 14:00,29600.0
2021-01-03 15:00,30330.0
2021-01-03 16:00,32490.0
2021-01-03 17:00,36160.0
2021-01-03 18:00,37280.0
2021-01-03 19:00,37150.0
2021-01-03 20:00,36500.0
2021-01-03 21:00,34990.0
2021-01-03 22:00,32570.0
2021-01-03 23:00,30720.0
2021-01-04 00:00,28280.0
2021-01-04 01:00,26780.0
2021-01-04 02:00,26140.0
2021-01-04 03:00,25800.0
2021-01-04 04:00,26040.0
2021-01-04 05:00,27580.0
2021-01-04 06:00,31220.0
2021-01-04 07:00,35310.0
2021-01-04 08:00,38650.0
2021-01-04 09:00,38520.0
2021-01-04 10:00,36750.0
2021-01-04 11:00,35700.0
2021-01-04 12:00,34510.0
2021-01-04 13:00,33840.0
2021-01-04 14:00,33430.0
2021-01-04 15:00,33680.0
2021-01-04 16:00,35330.0
2021-01-04 17:00,38380.0
2021-01-04 18:00,38900.0
2021-01-04 19:00,38570.0
2021-01-04 20:00,37740.0
2021-01-04 21:00,36180.0
2021-01-04 22:00,33740.0
2021-01-04 23:00,31630.0
2021-01-05 00:00,29090.0
2021-01-05 01:00,27500.0
2021-01-05 02:00,26910.0
2021-01-05 03:00,26700.0
2021-01-05 04:00,27110.0
2021-01-05 05:00,28890.0
2021-01-05 06:00,33240.0
2021-01-05 07:00,38070.0
2021-01-05 08:00,42740.0
2021-01-05 09:00,43930.0
2021-01-05 10:00,43550.0
2021-01-05 11:00,41970.0
2021-01-05 12:00,40790.0
2021-01-05 13:00,40930.0
2021-01-05 14:00,40800.0
2021-01-05 15:00,40710.0
2021-01-05 16:00,41800.0
2021-01-05 17:00,42740.0
2021-01-05 18:00,42290.0
2021-01-05 19:00,41240.0
2021-01-05 20:00,39990.0
2021-01-05 21:00,37900.0
2021-01-05 22:00,35190.0
2021-01-05 23:00,32680.0
2021-01-06 00:00,29990.0
2021-01-06 01:00,28520.0
2021-01-06 02:00,28000.0
2021-01-06 03:00,27800.0
2021-01-06 04:00,28260.0
2021-01-06 05:00,30340.0
2021-01-06 06:00,34720.0
2021-01-06 07:00,39420.0
2021-01-06 08:00,43840.0
2021-01-06 09:00,46170.0
2021-01-06 10:00,45570.0
2021-01-06 11:00,45170.0
2021-01-06 12:00,43300.0
2021-01-06 13:00,44090.0
2021-01-06 14:00,44470.0
2021-01-06 15:00,45060.0
2021-01-06 16:00,46510.0
2021-01-06 17:00,46630.0
2021-01-06 18:00,45720.0
2021-01-06 19:00,44110.0
2021-01-06 20:00,42580.0
2021-01-06 21:00,40290.0
2021-01-06 22:00,37590.0
2021-01-06 23:00,34820.0
2021-01-07 00:00,31710.0
2021-01-07 01:00,30130.0
2021-01-07 02:00,29530.0
2021-01-07 03:00,29250.0
2021-01-07 04:00,29630.0
2021-01-07 05:00,31700.0
2021-01-07 06:00,36200.0
2021-01-07 07:00,40910.0
2021-01-07 08:00,44810.0
2021-01-07 09:00,45870.0
2021-01-07 10:00,44380.0
2021-01-07 11:00,43140.0
2021-01-07 12:00,41370.0
2021-01-07 13:00,41880.0
2021-01-07 14:00,41740.0
2021-01-07 15:00,41970.0
2021-01-07 16:00,43510.0
2021-01-07 17:00,45080.0
2021-01-07 18:00,44950.0
2021-01-07 19:00,44050.0
2021-01-07 20:00,43170.0
2021-01-07 21:00,41190.0
2021-01-07 22:00,38510.0
2021-01-07 23:00,35920.0
2021-01-08 00:00,33340.0
2021-01-08 01:00,31940.0
2021-01-08 02:00,31350.0
2021-01-08 03:00,31160.0
2021-01-08 04:00,31650.0
2021-01-08 05:00,34040.0
2021-01-08 06:00,39310.0
2021-01-08 07:00,43910.0
2021-01-08 08:00,47060.0
2021-01-08 09:00,48130.0
2021-01-08 10:00,46990.0
2021-01-08 11:00,46000.0
2021-01-08 12:00,44450.0
2021-01-08 13:00,44830.0
2021-01-08 14:00,45070.0
2021-01-08 15:00,45040.0
2021-01-08 16:00,46580.0
2021-01-08 17:00,48150.0
2021-01-08 18:00,47900.0
2021-01-08 19:00,46660.0
2021-01-08 20:00,45370.0
2021-01-08 21:00,43380.0
2021-01-08 22:00,40880.0
2021-01-08 23:00,38750.0
2021-01-09 00:00,35700.0
2021-01-09 01:00,33800.0
2021-01-09 02:00,32760.0
2021-01-09 03:00,32180.0
2021-01-09 04:00,31930.0
2021-01-09 05:00,33120.0
2021-01-09 06:00,36000.0
2021-01-09 07:00,39570.0
2021-01-09 08:00,42190.0
2021-01-09 09:00,42550.0
2021-01-09 10:00,41310.0
2021-01-09 11:00,40110.0
2021-01-09 12:00,38730.0
2021-01-09 13:00,38310.0
2021-01-09 14:00,37900.0
2021-01-09 15:00,38500.0
2021-01-09 16:00,40410.0
2021-01-09 17:00,43460.0
2021-01-09 18:00,44200.0
2021-01-09 19:00,43810.0
2021-01-09 20:00,42720.0
2021-01-09 21:00,40950.0
2021-01-09 22:00,38690.0
2021-01-09 23:00,36730.0
2021-01-10 00:00,34050.0
2021-01-10 01:00,32440.0
2021-01-10 02:00,31570.0
2021-01-10 03:00,30990.0
2021-01-10 04:00,30950.0
2021-01-10 05:00,31770.0
2021-01-10 06:00,34040.0
2021-01-10 07:00,37080.0
2021-01-10 08:00,39240.0
2021-01-10 09:00,39540.0
2021-01-10 10:00,38390.0
2021-01-10 11:00,37130.0
2021-01-10 12:00,36240.0
2021-01-10 13:00,35160.0
2021-01-10 14:00,34580.0
2021-01-10 15:00,35290.0
2021-01-10 16:00,37650.0
2021-01-10 17:00,41650.0
2021-01-10 18:00,43030.0
2021-01-10 19:00,42630.0
2021-01-10 20:00,41630.0
2021-01-10 21:00,39790.0
2021-01-10 22:00,37290.0
2021-01-10 23:00,35300.0
2021-01-11 00:00,32830.0
2021-01-11 01:00,31320.0
2021-01-11 02:00,30660.0
2021-01-11 03:00,30220.0
2021-01-11 04:00,30370.0
2021-01-11 05:00,31680.0
2021-01-11 06:00,34770.0
2021-01-11 07:00,38670.0
2021-01-11 08:00,43170.0
2021-01-11 09:00,45290.0
2021-01-11 10:00,44800.0
2021-01-11 11:00,43520.0
2021-01-11 12:00,41900.0
2021-01-11 13:00,42070.0
2021-01-11 14:00,40970.0
2021-01-11 15:00,41020.0
2021-01-11 16:00,43090.0
2021-01-11 17:00,45930.0
2021-01-11 18:00,46490.0
2021-01-11 19:00,45730.0
2021-01-11 20:00,44430.0
2021-01-11 21:00,42400.0
2021-01-11 22:00,39420.0
2021-01-11 23:00,36660.0
2021-01-12 00:00,33490.0
2021-01-12 01:00,31680.0
2021-01-12 02:00,30880.0
2021-01-12 03:00,30420.0
2021-01-12 04:00,30720.0
2021-01-12 05:00,33170.0
2021-01-12 06:00,38750.0
2021-01-12 07:00,43960.0
2021-01-12 08:00,48800.0
2021-01-12 09:00,50800.0
2021-01-12 10:00,50320.0
2021-01-12 11:00,50260.0
2021-01-12 12:00,48850.0
2021-01-12 13:00,49760.0
2021-01-12 14:00,49700.0
2021-01-12 15:00,49650.0
2021-01-12 16:00,50940.0
2021-01-12 17:00,50870.0
2021-01-12 18:00,49650.0
2021-01-12 19:00,47480.0
2021-01-12 20:00,45380.0
2021-01-12 21:00,42820.0
2021-01-12 22:00,39860.0
2021-01-12 23:00,37000.0
2021-01-13 00:00,33810.0
2021-01-13 01:00,32230.0
2021-01-13 02:00,31630.0
2021-01-13 03:00,31510.0
2021-01-13 04:00,32140.0
2021-01-13 05:00,34760.0
2021-01-13 06:00,39930.0
2021-01-13 07:00,44380.0
2021-01-13 08:00,47890.0
2021-01-13 09:00,48270.0
2021-01-13 10:00,46360.0
2021-01-13 11:00,44560.0
2021-01-13 12:00,42120.0
2021-01-13 13:00,42100.0
2021-01-13 14:00,41480.0
2021-01-13 15:00,41430.0
2021-01-13 16:00,42780.0
2021-01-13 17:00,44590.0
2021-01-13 18:00,44610.0
2021-01-13 19:00,43510.0
2021-01-13 20:00,42310.0
2021-01-13 21:00,40490.0
2021-01-13 22:00,38030.0
2021-01-13 23:00,35470.0
2021-01-14 00:00,32530.0
2021-01-14 01:00,31120.0
2021-01-14 02:00,30600.0
2021-01-14 03:00,30430.0
2021-01-14 04:00,31000.0
2021-01-14 05:00,33350.0
2021-01-14 06:00,38270.0
2021-01-14 07:00,42570.0
2021-01-14 08:00,45630.0
2021-01-14 09:00,46110.0
2021-01-14 10:00,44480.0
2021-01-14 11:00,43120.0
2021-01-14 12:00,40730.0
2021-01-14 13:00,40680.0
2021-01-14 14:00,40000.0
2021-01-14 15:00,39620.0
2021-01-14 16:00,40490.0
2021-01-14 17:00,42280.0
2021-01-14 18:00,42390.0
2021-01-14 19:00,41160.0
2021-01-14 20:00,39760.0
2021-01-14 21:00,37980.0
2021-01-14 22:00,35630.0
2021-01-14 23:00,33270.0
2021-01-15 00:00,30760.0
2021-01-15 01:00,29440.0
2021-01-15 02:00,29080.0
2021-01-15 03:00,28950.0
2021-01-15 04:00,29500.0
2021-01-15 05:00,31570.0
2021-01-15 06:00,36000.0
2021-01-15 07:00,40520.0
2021-01-15 08:00,45160.0
2021-01-15 09:00,47200.0
2021-01-15 10:00,46810.0
2021-01-15 11:00,46050.0
2021-01-15 12:00,44240.0
2021-01-15 13:00,44720.0
2021-01-15 14:00,44520.0
2021-01-15 15:00,44320.0
2021-01-15 16:00,45150.0
2021-01-15 17:00,45400.0
2021-01-15 18:00,44480.0
2021-01-15 19:00,42580.0
2021-01-15 20:00,40630.0
2021-01-15 21:00,38520.0
2021-01-15 22:00,36140.0
2021-01-15 23:00,33580.0
2021-01-16 00:00,30830.0
2021-01-16 01:00,29230.0
2021-01-16 02:00,28610.0
2021-01-16 03:00,28450.0
2021-01-16 04:00,28710.0
2021-01-16 05:00,29580.0
2021-01-16 06:00,31760.0
2021-01-16 07:00,34620.0
2021-01-16 08:00,37110.0
2021-01-16 09:00,37790.0
2021-01-16 10:00,37090.0
2021-01-16 11:00,36260.0
2021-01-16 12:00,34300.0
2021-01-16 13:00,33710.0
2021-01-16 14:00,32740.0
2021-01-16 15:00,32620.0
2021-01-16 16:00,33490.0
2021-01-16 17:00,36200.0
2021-01-16 18:00,36920.0
2021-01-16 19:00,36500.0
2021-01-16 20:00,35520.0
2021-01-16 21:00,34180.0
2021-01-16 22:00,32440.0
2021-01-16 23:00,30670.0
2021-01-17 00:00,28430.0
2021-01-17 01:00,27270.0
2021-01-17 02:00,26830.0
2021-01-17 03:00,26610.0
2021-01-17 04:00,26570.0
2021-01-17 05:00,27050.0
2021-01-17 06:00,28560.0
2021-01-17 07:00,30960.0
2021-01-17 08:00,33860.0
2021-01-17 09:00,35570.0
2021-01-17 10:00,35680.0
2021-01-17 11:00,35880.0
2021-01-17 12:00,35510.0
2021-01-17 13:00,34690.0
2021-01-17 14:00,34210.0
2021-01-17 15:00,34440.0
2021-01-17 16:00,36440.0
2021-01-17 17:00,39650.0
2021-01-17 18:00,40410.0
2021-01-17 19:00,39780.0
2021-01-17 20:00,38540.0
2021-01-17 21:00,36760.0
2021-01-17 22:00,34200.0
2021-01-17 23:00,32270.0
2021-01-18 00:00,29950.0
2021-01-18 01:00,28780.0
2021-01-18 02:00,28460.0
2021-01-18 03:00,28370.0
2021-01-18 04:00,29140.0
2021-01-18 05:00,31630.0
2021-01-18 06:00,36760.0
2021-01-18 07:00,41820.0
2021-01-18 08:00,46590.0
2021-01-18 09:00,48200.0
2021-01-18 10:00,46970.0
2021-01-18 11:00,45470.0
2021-01-18 12:00,43080.0
2021-01-18 13:00,43480.0
2021-01-18 14:00,42950.0
2021-01-18 15:00,42780.0
2021-01-18 16:00,43960.0
2021-01-18 17:00,45890.0
2021-01-18 18:00,45820.0
2021-01-18 19:00,44380.0
2021-01-18 20:00,42600.0
2021-01-18 21:00,40490.0
2021-01-18 22:00,37850.0
2021-01-18 23:00,35180.0
2021-01-19 00:00,32340.0
2021-01-19 01:00,30900.0
2021-01-19 02:00,30330.0
2021-01-19 03:00,30050.0
2021-01-19 04:00,30610.0
2021-01-19 05:00,32850.0
2021-01-19 06:00,37680.0
2021-01-19 07:00,41960.0
2021-01-19 08:00,45060.0
2021-01-19 09:00,46020.0
2021-01-19 10:00,45210.0
2021-01-19 11:00,44320.0
2021-01-19 12:00,42560.0
2021-01-19 13:00,43120.0
2021-01-19 14:00,43130.0
2021-01-19 15:00,43730.0
2021-01-19 16:00,46020.0
2021-01-19 17:00,48550.0
2021-01-19 18:00,48840.0
2021-01-19 19:00,47570.0
2021-01-19 20:00,45770.0
2021-01-19 21:00,43550.0
2021-01-19 22:00,40740.0
2021-01-19 23:00,37970.0
2021-01-20 00:00,34770.0
2021-01-20 01:00,33030.0
2021-01-20 02:00,32210.0
2021-01-20 03:00,31840.0
2021-01-20 04:00,32220.0
2021-01-20 05:00,34660.0
2021-01-20 06:00,39980.0
2021-01-20 07:00,44670.0
2021-01-20 08:00,47600.0
2021-01-20 09:00,48330.0
2021-01-20 10:00,47000.0
2021-01-20 11:00,45600.0
2021-01-20 12:00,43200.0
2021-01-20 13:00,43030.0
2021-01-20 14:00,42370.0
2021-01-20 15:00,42500.0
2021-01-20 16:00,43970.0
2021-01-20 17:00,46220.0
2021-01-20 18:00,46500.0
2021-01-20 19:00,45450.0
2021-01-20 20:00,43950.0
2021-01-20 21:00,41990.0
2021-01-20 22:00,39390.0
2021-01-20 23:00,36800.0
2021-01-21 00:00,33830.0
2021-01-21 01:00,32350.0
2021-01-21 02:00,31680.0
2021-01-21 03:00,31410.0
2021-01-21 04:00,31870.0
2021-01-21 05:00,34280.0
2021-01-21 06:00,39600.0
2021-01-21 07:00,44320.0
2021-01-21 08:00,47630.0
2021-01-21 09:00,48440.0
2021-01-21 10:00,46910.0
2021-01-21 11:00,45290.0
2021-01-21 12:00,42790.0
2021-01-21 13:00,42630.0
2021-01-21 14:00,41910.0
2021-01-21 15:00,41570.0
2021-01-21 16:00,42630.0
2021-01-21 17:00,44830.0
2021-01-21 18:00,45020.0
2021-01-21 19:00,43810.0
2021-01-21 20:00,42130.0
2021-01-21 21:00,40190.0
2021-01-21 22:00,37700.0
2021-01-21 23:00,35270.0
2021-01-22 00:00,32440.0
2021-01-22 01:00,30910.0
2021-01-22 02:00,30350.0
2021-01-22 03:00,30220.0
2021-01-22 04:00,30700.0
2021-01-22 05:00,33080.0
2021-01-22 06:00,38100.0
2021-01-22 07:00,42570.0
2021-01-22 08:00,45350.0
2021-01-22 09:00,45780.0
2021-01-22 10:00,44300.0
2021-01-22 11:00,42870.0
2021-01-22 12:00,40710.0
2021-01-22 13:00,40840.0
2021-01-22 14:00,40050.0
2021-01-22 15:00,39480.0
2021-01-22 16:00,39650.0
2021-01-22 17:00,40900.0
2021-01-22 18:00,40820.0
2021-01-22 19:00,39560.0
2021-01-22 20:00,37900.0
2021-01-22 21:00,36050.0
2021-01-22 22:00,34150.0
2021-01-22 23:00,32040.0
2021-01-23 00:00,29540.0
2021-01-23 01:00,28050.0
2021-01-23 02:00,27490.0
2021-01-23 03:00,27210.0
2021-01-23 04:00,27220.0
2021-01-23 05:00,27790.0
2021-01-23 06:00,29410.0
2021-01-23 07:00,32220.0
2021-01-23 08:00,36040.0
2021-01-23 09:00,38790.0
2021-01-23 10:00,39750.0
2021-01-23 11:00,40040.0
2021-01-23 12:00,39650.0
2021-01-23 13:00,39730.0
2021-01-23 14:00,39780.0
2021-01-23 15:00,39830.0
2021-01-23 16:00,40920.0
2021-01-23 17:00,42200.0
2021-01-23 18:00,42260.0
2021-01-23 19:00,41440.0
2021-01-23 20:00,40060.0
2021-01-23 21:00,38280.0
2021-01-23 22:00,36000.0
2021-01-23 23:00,34070.0
2021-01-24 00:00,31490.0
2021-01-24 01:00,29880.0
2021-01-24 02:00,29120.0
2021-01-24 03:00,28640.0
2021-01-24 04:00,28450.0
2021-01-24 05:00,29050.0
2021-01-24 06:00,30810.0
2021-01-24 07:00,33860.0
2021-01-24 08:00,37720.0
2021-01-24 09:00,40630.0
2021-01-24 10:00,41030.0
2021-01-24 11:00,39940.0
2021-01-24 12:00,38460.0
2021-01-24 13:00,37560.0
2021-01-24 14:00,37370.0
2021-01-24 15:00,37380.0
2021-01-24 16:00,38890.0
2021-01-24 17:00,41050.0
2021-01-24 18:00,41330.0
2021-01-24 19:00,40370.0
2021-01-24 20:00,38760.0
2021-01-24 21:00,36780.0
2021-01-24 22:00,34050.0
2021-01-24 23:00,31680.0
2021-01-25 00:00,29090.0
2021-01-25 01:00,27800.0
2021-01-25 02:00,27450.0
2021-01-25 03:00,27360.0
2021-01-25 04:00,28060.0
2021-01-25 05:00,30360.0
2021-01-25 06:00,35070.0
2021-01-25 07:00,39310.0
2021-01-25 08:00,42690.0
2021-01-25 09:00,43840.0
2021-01-25 10:00,42760.0
2021-01-25 11:00,41720.0
2021-01-25 12:00,39660.0
2021-01-25 13:00,39780.0
2021-01-25 14:00,39220.0
2021-01-25 15:00,39050.0
2021-01-25 16:00,39790.0
2021-01-25 17:00,41690.0
2021-01-25 18:00,41930.0
2021-01-25 19:00,40880.0
2021-01-25 20:00,39400.0
2021-01-25 21:00,37820.0
2021-01-25 22:00,35750.0
2021-01-25 23:00,33480.0
2021-01-26 00:00,31030.0
2021-01-26 01:00,29820.0
2021-01-26 02:00,29430.0
2021-01-26 03:00,29350.0
2021-01-26 04:00,29870.0
2021-01-26 05:00,32240.0
2021-01-26 06:00,36910.0
2021-01-26 07:00,40860.0
2021-01-26 08:00,44320.0
2021-01-26 09:00,45810.0
2021-01-26 10:00,45530.0
2021-01-26 11:00,44970.0
2021-01-26 12:00,42450.0
2021-01-26 13:00,42240.0
2021-01-26 14:00,41490.0
2021-01-26 15:00,41080.0
2021-01-26 16:00,42280.0
2021-01-26 17:00,43370.0
2021-01-26 18:00,42840.0
2021-01-26 19:00,41120.0
2021-01-26 20:00,39150.0
2021-01-26 21:00,37030.0
2021-01-26 22:00,34770.0
2021-01-26 23:00,32210.0
2021-01-27 00:00,29540.0
2021-01-27 01:00,28210.0
2021-01-27 02:00,27790.0
2021-01-27 03:00,27730.0
2021-01-27 04:00,28090.0
2021-01-27 05:00,29820.0
2021-01-27 06:00,33520.0
2021-01-27 07:00,37090.0
2021-01-27 08:00,41040.0
2021-01-27 09:00,43110.0
2021-01-27 10:00,42600.0
2021-01-27 11:00,41810.0
2021-01-27 12:00,39430.0
2021-01-27 13:00,39780.0
2021-01-27 14:00,39120.0
2021-01-27 15:00,38300.0
2021-01-27 16:00,39210.0
2021-01-27 17:00,40580.0
2021-01-27 18:00,40610.0
2021-01-27 19:00,39460.0
2021-01-27 20:00,37960.0
2021-01-27 21:00,36340.0
2021-01-27 22:00,34350.0
2021-01-27 23:00,32120.0
2021-01-28 00:00,29730.0
2021-01-28 01:00,28520.0
2021-01-28 02:00,28270.0
2021-01-28 03:00,28240.0
2021-01-28 04:00,28730.0
2021-01-28 05:00,30640.0
2021-01-28 06:00,34900.0
2021-01-28 07:00,38520.0
2021-01-28 08:00,42980.0
2021-01-28 09:00,45390.0
2021-01-28 10:00,45680.0
2021-01-28 11:00,45870.0
2021-01-28 12:00,44770.0
2021-01-28 13:00,46310.0
2021-01-28 14:00,47060.0
2021-01-28 15:00,47850.0
2021-01-28 16:00,49060.0
2021-01-28 17:00,49480.0
2021-01-28 18:00,48540.0
2021-01-28 19:00,46480.0
2021-01-28 20:00,43950.0
2021-01-28 21:00,41360.0
2021-01-28 22:00,38320.0
2021-01-28 23:00,35330.0
2021-01-29 00:00,32110.0
2021-01-29 01:00,30470.0
2021-01-29 02:00,29740.0
2021-01-29 03:00,29440.0
2021-01-29 04:00,29790.0
2021-01-29 05:00,31850.0
2021-01-29 06:00,36360.0
2021-01-29 07:00,40210.0
2021-01-29 08:00,42980.0
2021-01-29 09:00,43890.0
2021-01-29 10:00,43320.0
2021-01-29 11:00,42580.0
2021-01-29 12:00,40870.0
2021-01-29 13:00,41210.0
2021-01-29 14:00,40840.0
2021-01-29 15:00,40800.0
2021-01-29 16:00,42160.0
2021-01-29 17:00,44360.0
2021-01-29 18:00,44820.0
2021-01-29 19:00,43820.0
2021-01-29 20:00,42330.0
2021-01-29 21:00,40630.0
2021-01-29 22:00,38660.0
2021-01-29 23:00,36450.0
2021-01-30 00:00,33810.0
2021-01-30 01:00,32100.0
2021-01-30 02:00,31280.0
2021-01-30 03:00,30840.0
2021-01-30 04:00,30740.0
2021-01-30 05:00,31660.0
2021-01-30 06:00,34310.0
2021-01-30 07:00,37160.0
2021-01-30 08:00,39140.0
2021-01-30 09:00,39780.0
2021-01-30 10:00,39020.0
2021-01-30 11:00,38270.0
2021-01-30 12:00,37150.0
2021-01-30 13:00,36370.0
2021-01-30 14:00,35640.0
2021-01-30 15:00,35810.0
2021-01-30 16:00,37330.0
2021-01-30 17:00,40420.0
2021-01-30 18:00,41790.0
2021-01-30 19:00,41490.0
2021-01-30 20:00,40540.0
2021-01-30 21:00,39010.0
2021-01-30 22:00,36960.0
2021-01-30 23:00,35110.0
2021-01-31 00:00,32500.0
2021-01-31 01:00,30940.0
2021-01-31 02:00,30170.0
2021-01-31 03:00,29690.0
2021-01-31 04:00,29360.0
2021-01-31 05:00,30030.0
2021-01-31 06:00,32140.0
2021-01-31 07:00,34500.0
2021-01-31 08:00,35910.0
2021-01-31 09:00,36140.0
2021-01-31 10:00,35310.0
2021-01-31 11:00,34430.0
2021-01-31 12:00,33740.0
2021-01-31 13:00,32730.0
2021-01-31 14:00,32150.0
2021-01-31 15:00,32590.0
2021-01-31 16:00,34430.0
2021-01-31 17:00,38460.0
2021-01-31 18:00,40190.0
2021-01-31 19:00,40070.0
2021-01-31 20:00,39270.0
2021-01-31 21:00,37690.0
2021-01-31 22:00,35110.0
2021-01-31 23:00,33020.0
2021-02-01 00:00,30550.0
2021-02-01 01:00,29240.0
2021-02-01 02:00,28690.0
2021-02-01 03:00,28580.0
2021-02-01 04:00,29050.0
2021-02-01 05:00,31500.0
2021-02-01 06:00,36880.0
2021-02-01 07:00,42120.0
2021-02-01 08:00,46720.0
2021-02-01 09:00,48620.0
2021-02-01 10:00,46680.0
2021-02-01 11:00,45320.0
2021-02-01 12:00,43150.0
2021-02-01 13:00,42830.0
2021-02-01 14:00,41390.0
2021-02-01 15:00,41140.0
2021-02-01 16:00,42180.0
2021-02-01 17:00,43690.0
2021-02-01 18:00,43690.0
2021-02-01 19:00,42190.0
2021-02-01 20:00,40300.0
2021-02-01 21:00,38320.0
2021-02-01 22:00,35890.0
2021-02-01 23:00,33230.0
2021-02-02 00:00,30380.0
2021-02-02 01:00,28950.0
2021-02-02 02:00,28540.0
2021-02-02 03:00,28400.0
2021-02-02 04:00,28720.0
2021-02-02 05:00,30390.0
2021-02-02 06:00,34400.0
2021-02-02 07:00,38640.0
2021-02-02 08:00,42480.0
2021-02-02 09:00,43690.0
2021-02-02 10:00,43290.0
2021-02-02 11:00,40850.0
2021-02-02 12:00,38360.0
2021-02-02 13:00,38520.0
2021-02-02 14:00,37720.0
2021-02-02 15:00,37740.0
2021-02-02 16:00,39340.0
2021-02-02 17:00,41410.0
2021-02-02 18:00,41950.0
2021-02-02 19:00,40960.0
2021-02-02 20:00,39530.0
2021-02-02 21:00,37970.0
2021-02-02 22:00,36010.0
2021-02-02 23:00,33810.0
2021-02-03 00:00,31220.0
2021-02-03 01:00,30060.0
2021-02-03 02:00,29830.0
2021-02-03 03:00,29810.0
2021-02-03 04:00,30390.0
2021-02-03 05:00,32550.0
2021-02-03 06:00,37360.0
2021-02-03 07:00,41010.0
2021-02-03 08:00,43180.0
2021-02-03 09:00,43810.0
2021-02-03 10:00,42970.0
2021-02-03 11:00,42020.0
2021-02-03 12:00,40130.0
2021-02-03 13:00,40490.0
2021-02-03 14:00,39720.0
2021-02-03 15:00,39600.0
2021-02-03 16:00,41020.0
2021-02-03 17:00,43000.0
2021-02-03 18:00,43630.0
2021-02-03 19:00,42530.0
2021-02-03 20:00,41020.0
2021-02-03 21:00,39210.0
2021-02-03 22:00,36950.0
2021-02-03 23:00,34600.0
2021-02-04 00:00,31910.0
2021-02-04 01:00,30580.0
2021-02-04 02:00,30180.0
2021-02-04 03:00,30140.0
2021-02-04 04:00,30650.0
2021-02-04 05:00,32790.0
2021-02-04 06:00,37690.0
2021-02-04 07:00,41490.0
2021-02-04 08:00,43620.0
2021-02-04 09:00,44230.0
2021-02-04 10:00,43140.0
2021-02-04 11:00,42350.0
2021-02-04 12:00,40480.0
2021-02-04 13:00,40670.0
2021-02-04 14:00,39920.0
2021-02-04 15:00,39480.0
2021-02-04 16:00,40760.0
2021-02-04 17:00,42740.0
2021-02-04 18:00,43410.0
2021-02-04 19:00,42250.0
2021-02-04 20:00,40700.0
2021-02-04 21:00,39030.0
2021-02-04 22:00,36740.0
2021-02-04 23:00,34480.0
2021-02-05 00:00,31880.0
2021-02-05 01:00,30610.0
2021-02-05 02:00,30180.0
2021-02-05 03:00,30080.0
2021-02-05 04:00,30510.0
2021-02-05 05:00,32670.0
2021-02-05 06:00,37520.0
2021-02-05 07:00,41150.0
2021-02-05 08:00,43230.0
2021-02-05 09:00,44020.0
2021-02-05 10:00,43180.0
2021-02-05 11:00,42290.0
2021-02-05 12:00,40160.0
2021-02-05 13:00,40180.0
2021-02-05 14:00,39480.0
2021-02-05 15:00,39440.0
2021-02-05 16:00,40150.0
2021-02-05 17:00,41660.0
2021-02-05 18:00,41980.0
2021-02-05 19:00,40730.0
2021-02-05 20:00,39040.0
2021-02-05 21:00,37200.0
2021-02-05 22:00,35170.0
2021-02-05 23:00,32940.0
2021-02-06 00:00,30380.0
2021-02-06 01:00,28990.0
2021-02-06 02:00,28640.0
2021-02-06 03:00,28410.0
2021-02-06 04:00,28520.0
2021-02-06 05:00,29270.0
2021-02-06 06:00,31470.0
2021-02-06 07:00,34100.0
2021-02-06 08:00,35750.0
2021-02-06 09:00,36220.0
2021-02-06 10:00,35420.0
2021-02-06 11:00,34560.0
2021-02-06 12:00,33330.0
2021-02-06 13:00,32470.0
2021-02-06 14:00,31590.0
2021-02-06 15:00,31180.0
2021-02-06 16:00,31950.0
2021-02-06 17:00,34270.0
2021-02-06 18:00,35660.0
2021-02-06 19:00,35420.0
2021-02-06 20:00,34380.0
2021-02-06 21:00,32970.0
2021-02-06 22:00,31360.0
2021-02-06 23:00,29780.0
2021-02-07 00:00,27960.0
2021-02-07 01:00,27000.0
2021-02-07 02:00,26780.0
2021-02-07 03:00,26700.0
2021-02-07 04:00,26760.0
2021-02-07 05:00,27270.0
2021-02-07 06:00,28720.0
2021-02-07 07:00,30500.0
2021-02-07 08:00,31750.0
2021-02-07 09:00,32370.0
2021-02-07 10:00,32020.0
2021-02-07 11:00,31480.0
2021-02-07 12:00,31050.0
2021-02-07 13:00,30260.0
2021-02-07 14:00,29560.0
2021-02-07 15:00,29420.0
2021-02-07 16:00,30150.0
2021-02-07 17:00,33240.0
2021-02-07 18:00,34910.0
2021-02-07 19:00,34840.0
2021-02-07 20:00,34110.0
2021-02-07 21:00,32870.0
2021-02-07 22:00,30960.0
2021-02-07 23:00,29300.0
2021-02-08 00:00,27430.0
2021-02-08 01:00,26600.0
2021-02-08 02:00,26610.0
2021-02-08 03:00,26840.0
2021-02-08 04:00,27570.0
2021-02-08 05:00,29790.0
2021-02-08 06:00,34270.0
2021-02-08 07:00,38580.0
2021-02-08 08:00,42920.0
2021-02-08 09:00,44840.0
2021-02-08 10:00,43750.0
2021-02-08 11:00,43130.0
2021-02-08 12:00,41450.0
2021-02-08 13:00,41870.0
2021-02-08 14:00,41060.0
2021-02-08 15:00,40900.0
2021-02-08 16:00,42310.0
2021-02-08 17:00,44080.0
2021-02-08 18:00,44370.0
2021-02-08 19:00,43070.0
2021-02-08 20:00,41350.0
2021-02-08 21:00,39700.0
2021-02-08 22:00,37490.0
2021-02-08 23:00,35150.0
2021-02-09 00:00,32540.0
2021-02-09 01:00,31270.0
2021-02-09 02:00,30910.0
2021-02-09 03:00,30770.0
2021-02-09 04:00,31080.0
2021-02-09 05:00,33310.0
2021-02-09 06:00,38400.0
2021-02-09 07:00,42240.0
2021-02-09 08:00,44690.0
2021-02-09 09:00,45880.0
2021-02-09 10:00,45300.0
2021-02-09 11:00,44580.0
2021-02-09 12:00,42400.0
2021-02-09 13:00,42420.0
2021-02-09 14:00,41580.0
2021-02-09 15:00,41290.0
2021-02-09 16:00,42640.0
2021-02-09 17:00,44660.0
2021-02-09 18:00,45540.0
2021-02-09 19:00,44520.0
2021-02-09 20:00,42860.0
2021-02-09 21:00,41030.0
2021-02-09 22:00,38680.0
2021-02-09 23:00,36150.0
2021-02-10 00:00,33210.0
2021-02-10 01:00,31730.0
2021-02-10 02:00,31150.0
2021-02-10 03:00,30940.0
2021-02-10 04:00,31280.0
2021-02-10 05:00,33530.0
2021-02-10 06:00,38510.0
2021-02-10 07:00,42130.0
2021-02-10 08:00,44230.0
2021-02-10 09:00,44770.0
2021-02-10 10:00,44110.0
2021-02-10 11:00,43200.0
2021-02-10 12:00,40740.0
2021-02-10 13:00,41250.0
2021-02-10 14:00,40870.0
2021-02-10 15:00,39910.0
2021-02-10 16:00,40430.0
2021-02-10 17:00,41940.0
2021-02-10 18:00,42480.0
2021-02-10 19:00,41460.0
2021-02-10 20:00,40060.0
2021-02-10 21:00,38510.0
2021-02-10 22:00,36510.0
2021-02-10 23:00,34480.0
2021-02-11 00:00,31930.0
2021-02-11 01:00,30560.0
2021-02-11 02:00,30050.0
2021-02-11 03:00,29770.0
2021-02-11 04:00,29700.0
2021-02-11 05:00,30550.0
2021-02-11 06:00,32750.0
2021-02-11 07:00,35130.0
2021-02-11 08:00,37200.0
2021-02-11 09:00,38350.0
2021-02-11 10:00,37900.0
2021-02-11 11:00,37200.0
2021-02-11 12:00,35930.0
2021-02-11 13:00,35570.0
2021-02-11 14:00,34970.0
2021-02-11 15:00,34710.0
2021-02-11 16:00,35750.0
2021-02-11 17:00,38440.0
2021-02-11 18:00,39830.0
2021-02-11 19:00,39150.0
2021-02-11 20:00,38060.0
2021-02-11 21:00,36370.0
2021-02-11 22:00,34080.0
2021-02-11 23:00,32140.0
2021-02-12 00:00,29890.0
2021-02-12 01:00,28860.0
2021-02-12 02:00,28690.0
2021-02-12 03:00,28690.0
2021-02-12 04:00,29140.0
2021-02-12 05:00,31140.0
2021-02-12 06:00,35550.0
2021-02-12 07:00,39280.0
2021-02-12 08:00,42920.0
2021-02-12 09:00,44670.0
2021-02-12 10:00,44180.0
2021-02-12 11:00,43110.0
2021-02-12 12:00,40570.0
2021-02-12 13:00,40950.0
2021-02-12 14:00,40420.0
2021-02-12 15:00,39660.0
2021-02-12 16:00,39490.0
2021-02-12 17:00,41160.0
2021-02-12 18:00,41460.0
2021-02-12 19:00,40180.0
2021-02-12 20:00,38360.0
2021-02-12 21:00,36560.0
2021-02-12 22:00,34720.0
2021-02-12 23:00,32600.0
2021-02-13 00:00,30180.0
2021-02-13 01:00,28790.0
2021-02-13 02:00,28290.0
2021-02-13 03:00,28130.0
2021-02-13 04:00,28180.0
2021-02-13 05:00,29080.0
2021-02-13 06:00,31070.0
2021-02-13 07:00,33180.0
2021-02-13 08:00,35140.0
2021-02-13 09:00,36010.0
2021-02-13 10:00,35290.0
2021-02-13 11:00,34480.0
2021-02-13 12:00,33250.0
2021-02-13 13:00,32740.0
2021-02-13 14:00,32270.0
2021-02-13 15:00,31460.0
2021-02-13 16:00,31610.0
2021-02-13 17:00,33750.0
2021-02-13 18:00,34970.0
2021-02-13 19:00,34460.0
2021-02-13 20:00,33330.0
2021-02-13 21:00,31940.0
2021-02-13 22:00,30350.0
2021-02-13 23:00,27420.0
2021-02-14 00:00,25660.0
2021-02-14 01:00,24790.0
2021-02-14 02:00,25090.0
2021-02-14 03:00,24990.0
2021-02-14 04:00,25020.0
2021-02-14 05:00,25550.0
2021-02-14 06:00,26670.0
2021-02-14 07:00,28610.0
2021-02-14 08:00,30870.0
2021-02-14 09:00,31720.0
2021-02-14 10:00,31410.0
2021-02-14 11:00,30840.0
2021-02-14 12:00,30080.0
2021-02-14 13:00,29310.0
2021-02-14 14:00,28240.0
2021-02-14 15:00,28080.0
2021-02-14 16:00,28870.0
2021-02-14 17:00,31210.0
2021-02-14 18:00,32590.0
2021-02-14 19:00,32180.0
2021-02-14 20:00,30970.0
2021-02-14 21:00,29630.0
2021-02-14 22:00,27790.0
2021-02-14 23:00,26300.0
2021-02-15 00:00,24540.0
2021-02-15 01:00,23850.0
2021-02-15 02:00,23890.0
2021-02-15 03:00,24020.0
2021-02-15 04:00,24470.0
2021-02-15 05:00,25750.0
2021-02-15 06:00,28780.0
2021-02-15 07:00,32620.0
2021-02-15 08:00,37340.0
2021-02-15 09:00,40790.0
2021-02-15 10:00,41780.0
2021-02-15 11:00,42070.0
2021-02-15 12:00,40970.0
2021-02-15 13:00,41660.0
2021-02-15 14:00,39960.0
2021-02-15 15:00,39330.0
2021-02-15 16:00,39220.0
2021-02-15 17:00,39250.0
2021-02-15 18:00,39240.0
2021-02-15 19:00,37670.0
2021-02-15 20:00,35910.0
2021-02-15 21:00,34110.0
2021-02-15 22:00,32200.0
2021-02-15 23:00,30040.0
2021-02-16 00:00,27650.0
2021-02-16 01:00,26590.0
2021-02-16 02:00,26380.0
2021-02-16 03:00,26490.0
2021-02-16 04:00,27040.0
2021-02-16 05:00,28740.0
2021-02-16 06:00,32170.0
2021-02-16 07:00,34490.0
2021-02-16 08:00,36610.0
2021-02-16 09:00,38210.0
2021-02-16 10:00,38320.0
2021-02-16 11:00,38100.0
2021-02-16 12:00,36610.0
2021-02-16 13:00,36880.0
2021-02-16 14:00,36220.0
2021-02-16 15:00,35910.0
2021-02-16 16:00,36810.0
2021-02-16 17:00,38280.0
2021-02-16 18:00,39240.0
2021-02-16 19:00,38300.0
2021-02-16 20:00,36920.0
2021-02-16 21:00,35410.0
2021-02-16 22:00,33630.0
2021-02-16 23:00,31670.0
2021-02-17 00:00,29320.0
2021-02-17 01:00,28150.0
2021-02-17 02:00,27970.0
2021-02-17 03:00,27930.0
2021-02-17 04:00,28320.0
2021-02-17 05:00,30140.0
2021-02-17 06:00,34070.0
2021-02-17 07:00,36760.0
2021-02-17 08:00,39020.0
2021-02-17 09:00,40250.0
2021-02-17 10:00,40300.0
2021-02-17 11:00,39710.0
2021-02-17 12:00,38400.0
2021-02-17 13:00,38970.0
2021-02-17 14:00,38600.0
2021-02-17 15:00,38640.0
2021-02-17 16:00,39960.0
2021-02-17 17:00,42110.0
2021-02-17 18:00,43280.0
2021-02-17 19:00,42400.0
2021-02-17 20:00,40960.0
2021-02-17 21:00,39180.0
2021-02-17 22:00,36870.0
2021-02-17 23:00,34680.0
2021-02-18 00:00,32120.0
2021-02-18 01:00,30910.0
2021-02-18 02:00,30430.0
2021-02-18 03:00,30330.0
2021-02-18 04:00,30700.0
2021-02-18 05:00,32800.0
2021-02-18 06:00,37470.0
2021-02-18 07:00,40760.0
2021-02-18 08:00,42920.0
2021-02-18 09:00,44100.0
2021-02-18 10:00,43830.0
2021-02-18 11:00,43470.0
2021-02-18 12:00,41540.0
2021-02-18 13:00,41790.0
2021-02-18 14:00,41330.0
2021-02-18 15:00,41140.0
2021-02-18 16:00,42530.0
2021-02-18 17:00,44140.0
2021-02-18 18:00,44840.0
2021-02-18 19:00,43690.0
2021-02-18 20:00,42100.0
2021-02-18 21:00,40380.0
2021-02-18 22:00,37820.0
2021-02-18 23:00,35340.0
2021-02-19 00:00,32630.0
2021-02-19 01:00,31170.0
2021-02-19 02:00,30690.0
2021-02-19 03:00,30500.0
2021-02-19 04:00,30880.0
2021-02-19 05:00,33140.0
2021-02-19 06:00,37880.0
2021-02-19 07:00,40880.0
2021-02-19 08:00,42680.0
2021-02-19 09:00,43680.0
2021-02-19 10:00,42920.0
2021-02-19 11:00,42110.0
2021-02-19 12:00,40210.0
2021-02-19 13:00,40070.0
2021-02-19 14:00,39150.0
2021-02-19 15:00,38590.0
2021-02-19 16:00,39350.0
2021-02-19 17:00,40740.0
2021-02-19 18:00,41740.0
2021-02-19 19:00,40770.0
2021-02-19 20:00,39190.0
2021-02-19 21:00,37560.0
2021-02-19 22:00,35560.0
2021-02-19 23:00,33620.0
2021-02-20 00:00,31190.0
2021-02-20 01:00,29990.0
2021-02-20 02:00,29540.0
2021-02-20 03:00,29280.0
2021-02-20 04:00,29290.0
2021-02-20 05:00,30160.0
2021-02-20 06:00,32360.0
2021-02-20 07:00,34050.0
2021-02-20 08:00,35290.0
2021-02-20 09:00,35950.0
2021-02-20 10:00,35250.0
2021-02-20 11:00,34490.0
2021-02-20 12:00,33250.0
2021-02-20 13:00,32350.0
2021-02-20 14:00,31450.0
2021-02-20 15:00,31140.0
2021-02-20 16:00,31550.0
2021-02-20 17:00,33230.0
2021-02-20 18:00,34640.0
2021-02-20 19:00,34210.0
2021-02-20 20:00,33210.0
2021-02-20 21:00,31700.0
2021-02-20 22:00,30010.0
2021-02-20 23:00,28430.0
2021-02-21 00:00,26530.0
2021-02-21 01:00,25610.0
2021-02-21 02:00,25400.0
2021-02-21 03:00,25410.0
2021-02-21 04:00,25520.0
2021-02-21 05:00,25900.0
2021-02-21 06:00,26730.0
2021-02-21 07:00,27790.0
2021-02-21 08:00,28740.0
2021-02-21 09:00,29520.0
2021-02-21 10:00,29360.0
2021-02-21 11:00,29200.0
2021-02-21 12:00,28820.0
2021-02-21 13:00,28130.0
2021-02-21 14:00,27410.0
2021-02-21 15:00,27210.0
2021-02-21 16:00,27600.0
2021-02-21 17:00,29450.0
2021-02-21 18:00,30970.0
2021-02-21 19:00,30560.0
2021-02-21 20:00,29720.0
2021-02-21 21:00,28560.0
2021-02-21 22:00,27070.0
2021-02-21 23:00,25870.0
2021-02-22 00:00,24320.0
2021-02-22 01:00,23770.0
2021-02-22 02:00,23920.0
2021-02-22 03:00,24290.0
2021-02-22 04:00,24970.0
2021-02-22 05:00,26640.0
2021-02-22 06:00,29620.0
2021-02-22 07:00,32090.0
2021-02-22 08:00,34540.0
2021-02-22 09:00,35840.0
2021-02-22 10:00,35460.0
2021-02-22 11:00,35160.0
2021-02-22 12:00,33740.0
2021-02-22 13:00,34220.0
2021-02-22 14:00,33710.0
2021-02-22 15:00,33160.0
2021-02-22 16:00,33100.0
2021-02-22 17:00,33450.0
2021-02-22 18:00,33920.0
2021-02-22 19:00,32930.0
2021-02-22 20:00,31480.0
2021-02-22 21:00,30250.0
2021-02-22 22:00,28970.0
2021-02-22 23:00,27640.0
2021-02-23 00:00,25810.0
2021-02-23 01:00,25030.0
2021-02-23 02:00,25000.0
2021-02-23 03:00,25110.0
2021-02-23 04:00,25190.0
2021-02-23 05:00,25640.0
2021-02-23 06:00,26610.0
2021-02-23 07:00,27770.0
2021-02-23 08:00,29840.0
2021-02-23 09:00,31570.0
2021-02-23 10:00,32290.0
2021-02-23 11:00,32590.0
2021-02-23 12:00,31910.0
2021-02-23 13:00,32140.0
2021-02-23 14:00,31710.0
2021-02-23 15:00,31480.0
2021-02-23 16:00,32360.0
2021-02-23 17:00,34790.0
2021-02-23 18:00,36720.0
2021-02-23 19:00,36520.0
2021-02-23 20:00,35690.0
2021-02-23 21:00,34290.0
2021-02-23 22:00,32430.0
2021-02-23 23:00,30650.0
2021-02-24 00:00,28450.0
2021-02-24 01:00,27590.0
2021-02-24 02:00,27430.0
2021-02-24 03:00,27510.0
2021-02-24 04:00,28100.0
2021-02-24 05:00,30110.0
2021-02-24 06:00,34340.0
2021-02-24 07:00,37150.0
2021-02-24 08:00,39930.0
2021-02-24 09:00,41640.0
2021-02-24 10:00,41370.0
2021-02-24 11:00,40760.0
2021-02-24 12:00,38860.0
2021-02-24 13:00,39060.0
2021-02-24 14:00,38570.0
2021-02-24 15:00,38240.0
2021-02-24 16:00,39200.0
2021-02-24 17:00,40960.0
2021-02-24 18:00,42090.0
2021-02-24 19:00,41300.0
2021-02-24 20:00,39720.0
2021-02-24 21:00,37950.0
2021-02-24 22:00,35620.0
2021-02-24 23:00,33490.0
2021-02-25 00:00,31000.0
2021-02-25 01:00,29830.0
2021-02-25 02:00,29560.0
2021-02-25 03:00,29510.0
2021-02-25 04:00,29950.0
2021-02-25 05:00,32010.0
2021-02-25 06:00,36390.0
2021-02-25 07:00,39510.0
2021-02-25 08:00,42030.0
2021-02-25 09:00,43190.0
2021-02-25 10:00,42980.0
2021-02-25 11:00,42070.0
2021-02-25 12:00,39890.0
2021-02-25 13:00,40110.0
2021-02-25 14:00,39140.0
2021-02-25 15:00,38970.0
2021-02-25 16:00,39690.0
2021-02-25 17:00,40820.0
2021-02-25 18:00,41520.0
2021-02-25 19:00,40300.0
2021-02-25 20:00,38460.0
2021-02-25 21:00,36510.0
2021-02-25 22:00,34230.0
2021-02-25 23:00,31860.0
2021-02-26 00:00,29300.0
2021-02-26 01:00,28160.0
2021-02-26 02:00,27820.0
2021-02-26 03:00,27930.0
2021-02-26 04:00,28310.0
2021-02-26 05:00,30150.0
2021-02-26 06:00,33730.0
2021-02-26 07:00,37010.0
2021-02-26 08:00,40380.0
2021-02-26 09:00,42440.0
2021-02-26 10:00,41710.0
2021-02-26 11:00,41120.0
2021-02-26 12:00,39660.0
2021-02-26 13:00,40410.0
2021-02-26 14:00,39940.0
2021-02-26 15:00,39640.0
2021-02-26 16:00,40370.0
2021-02-26 17:00,41350.0
2021-02-26 18:00,41510.0
2021-02-26 19:00,40360.0
2021-02-26 20:00,38800.0
2021-02-26 21:00,36970.0
2021-02-26 22:00,34870.0
2021-02-26 23:00,32800.0
2021-02-27 00:00,30170.0
2021-02-27 01:00,28830.0
2021-02-27 02:00,28430.0
2021-02-27 03:00,28270.0
2021-02-27 04:00,28300.0
2021-02-27 05:00,29170.0
2021-02-27 06:00,31220.0
2021-02-27 07:00,33200.0
2021-02-27 08:00,35920.0
2021-02-27 09:00,37790.0
2021-02-27 10:00,37730.0
2021-02-27 11:00,37310.0
2021-02-27 12:00,36100.0
2021-02-27 13:00,35200.0
2021-02-27 14:00,34040.0
2021-02-27 15:00,33570.0
2021-02-27 16:00,34530.0
2021-02-27 17:00,37050.0
2021-02-27 18:00,39220.0
2021-02-27 19:00,39080.0
2021-02-27 20:00,38190.0
2021-02-27 21:00,36690.0
2021-02-27 22:00,34710.0
2021-02-27 23:00,33060.0
2021-02-28 00:00,30820.0
2021-02-28 01:00,29530.0
2021-02-28 02:00,29040.0
2021-02-28 03:00,28760.0
2021-02-28 04:00,28610.0
2021-02-28 05:00,29300.0
2021-02-28 06:00,31010.0
2021-02-28 07:00,32530.0
2021-02-28 08:00,33710.0
2021-02-28 09:00,34440.0
2021-02-28 10:00,34110.0
2021-02-28 11:00,33410.0
2021-02-28 12:00,32470.0
2021-02-28 13:00,31350.0
2021-02-28 14:00,30370.0
2021-02-28 15:00,30060.0
2021-02-28 16:00,31200.0
2021-02-28 17:00,34080.0
2021-02-28 18:00,36250.0
2021-02-28 19:00,36110.0
2021-02-28 20:00,35150.0
2021-02-28 21:00,33620.0
2021-02-28 22:00,31540.0
2021-02-28 23:00,29690.0
2021-03-01 00:00,27710.0
2021-03-01 01:00,26780.0
2021-03-01 02:00,26550.0
2021-03-01 03:00,26580.0
2021-03-01 04:00,27200.0
2021-03-01 05:00,29320.0
2021-03-01 06:00,33270.0
2021-03-01 07:00,36500.0
2021-03-01 08:00,39260.0
2021-03-01 09:00,40390.0
2021-03-01 10:00,39570.0
2021-03-01 11:00,38860.0
2021-03-01 12:00,36850.0
2021-03-01 13:00,37190.0
2021-03-01 14:00,36660.0
2021-03-01 15:00,35650.0
2021-03-01 16:00,35300.0
2021-03-01 17:00,36330.0
2021-03-01 18:00,37060.0
2021-03-01 19:00,35970.0
2021-03-01 20:00,34370.0
2021-03-01 21:00,32560.0
2021-03-01 22:00,30750.0
2021-03-01 23:00,28890.0
2021-03-02 00:00,26680.0
2021-03-02 01:00,25820.0
2021-03-02 02:00,25710.0
2021-03-02 03:00,25690.0
2021-03-02 04:00,25970.0
2021-03-02 05:00,26890.0
2021-03-02 06:00,29210.0
2021-03-02 07:00,31920.0
2021-03-02 08:00,34770.0
2021-03-02 09:00,36630.0
2021-03-02 10:00,36870.0
2021-03-02 11:00,36360.0
2021-03-02 12:00,34690.0
2021-03-02 13:00,36240.0
2021-03-02 14:00,36480.0
2021-03-02 15:00,36330.0
2021-03-02 16:00,37400.0
2021-03-02 17:00,38290.0
2021-03-02 18:00,38350.0
2021-03-02 19:00,37290.0
2021-03-02 20:00,35790.0
2021-03-02 21:00,34290.0
2021-03-02 22:00,32460.0
2021-03-02 23:00,30610.0
2021-03-03 00:00,28290.0
2021-03-03 01:00,27260.0
2021-03-03 02:00,27260.0
2021-03-03 03:00,27520.0
2021-03-03 04:00,28170.0
2021-03-03 05:00,30030.0
2021-03-03 06:00,33610.0
2021-03-03 07:00,35830.0
2021-03-03 08:00,38340.0
2021-03-03 09:00,40440.0
2021-03-03 10:00,40760.0
2021-03-03 11:00,40690.0
2021-03-03 12:00,38870.0
2021-03-03 13:00,38810.0
2021-03-03 14:00,37810.0
2021-03-03 15:00,37130.0
2021-03-03 16:00,37820.0
2021-03-03 17:00,39090.0
2021-03-03 18:00,40490.0
2021-03-03 19:00,39850.0
2021-03-03 20:00,38470.0
2021-03-03 21:00,36830.0
2021-03-03 22:00,34800.0
2021-03-03 23:00,32490.0
2021-03-04 00:00,30010.0
2021-03-04 01:00,28850.0
2021-03-04 02:00,28560.0
2021-03-04 03:00,28600.0
2021-03-04 04:00,29070.0
2021-03-04 05:00,30920.0
2021-03-04 06:00,34550.0
2021-03-04 07:00,37100.0
2021-03-04 08:00,39850.0
2021-03-04 09:00,41320.0
2021-03-04 10:00,41010.0
2021-03-04 11:00,40440.0
2021-03-04 12:00,38120.0
2021-03-04 13:00,38500.0
2021-03-04 14:00,37960.0
2021-03-04 15:00,37320.0
2021-03-04 16:00,37330.0
2021-03-04 17:00,38570.0
2021-03-04 18:00,39350.0
2021-03-04 19:00,38170.0
2021-03-04 20:00,36460.0
2021-03-04 21:00,34550.0
2021-03-04 22:00,32470.0
2021-03-04 23:00,30410.0
2021-03-05 00:00,28080.0
2021-03-05 01:00,26970.0
2021-03-05 02:00,26730.0
2021-03-05 03:00,26900.0
2021-03-05 04:00,27360.0
2021-03-05 05:00,28870.0
2021-03-05 06:00,31570.0
2021-03-05 07:00,33610.0
2021-03-05 08:00,36620.0
2021-03-05 09:00,38700.0
2021-03-05 10:00,38540.0
2021-03-05 11:00,38220.0
2021-03-05 12:00,35500.0
2021-03-05 13:00,36450.0
2021-03-05 14:00,36400.0
2021-03-05 15:00,36340.0
2021-03-05 16:00,36990.0
2021-03-05 17:00,37550.0
2021-03-05 18:00,37510.0
2021-03-05 19:00,36220.0
2021-03-05 20:00,34410.0
2021-03-05 21:00,32800.0
2021-03-05 22:00,31070.0
2021-03-05 23:00,29240.0
2021-03-06 00:00,27070.0
2021-03-06 01:00,26030.0
2021-03-06 02:00,25780.0
2021-03-06 03:00,25750.0
2021-03-06 04:00,25710.0
2021-03-06 05:00,26020.0
2021-03-06 06:00,26820.0
2021-03-06 07:00,28320.0
2021-03-06 08:00,30750.0
2021-03-06 09:00,32020.0
2021-03-06 10:00,32250.0
2021-03-06 11:00,31580.0
2021-03-06 12:00,30730.0
2021-03-06 13:00,30690.0
2021-03-06 14:00,29790.0
2021-03-06 15:00,29270.0
2021-03-06 16:00,28680.0
2021-03-06 17:00,30320.0
2021-03-06 18:00,31840.0
2021-03-06 19:00,31520.0
2021-03-06 20:00,30760.0
2021-03-06 21:00,29640.0
2021-03-06 22:00,28360.0
2021-03-06 23:00,27080.0
2021-03-07 00:00,25290.0
2021-03-07 01:00,24600.0
2021-03-07 02:00,24590.0
2021-03-07 03:00,24660.0
2021-03-07 04:00,24850.0
2021-03-07 05:00,25360.0
2021-03-07 06:00,26210.0
2021-03-07 07:00,27710.0
2021-03-07 08:00,30030.0
2021-03-07 09:00,31560.0
2021-03-07 10:00,32240.0
2021-03-07 11:00,31930.0
2021-03-07 12:00,31630.0
2021-03-07 13:00,31440.0
2021-03-07 14:00,31020.0
2021-03-07 15:00,31260.0
2021-03-07 16:00,32350.0
2021-03-07 17:00,34840.0
2021-03-07 18:00,36360.0
2021-03-07 19:00,35880.0
2021-03-07 20:00,34670.0
2021-03-07 21:00,32890.0
2021-03-07 22:00,30660.0
2021-03-07 23:00,28710.0
2021-03-08 00:00,26470.0
2021-03-08 01:00,25520.0
2021-03-08 02:00,25390.0
2021-03-08 03:00,25560.0
2021-03-08 04:00,26130.0
2021-03-08 05:00,27990.0
2021-03-08 06:00,31910.0
2021-03-08 07:00,36120.0
2021-03-08 08:00,40590.0
2021-03-08 09:00,43140.0
2021-03-08 10:00,43370.0
2021-03-08 11:00,42970.0
2021-03-08 12:00,41480.0
2021-03-08 13:00,42260.0
2021-03-08 14:00,41960.0
2021-03-08 15:00,41600.0
2021-03-08 16:00,42210.0
2021-03-08 17:00,42650.0
2021-03-08 18:00,42490.0
2021-03-08 19:00,40780.0
2021-03-08 20:00,38720.0
2021-03-08 21:00,36650.0
2021-03-08 22:00,34260.0
2021-03-08 23:00,31730.0
2021-03-09 00:00,29100.0
2021-03-09 01:00,27870.0
2021-03-09 02:00,27610.0
2021-03-09 03:00,27680.0
2021-03-09 04:00,28170.0
2021-03-09 05:00,29890.0
2021-03-09 06:00,33340.0
2021-03-09 07:00,36390.0
2021-03-09 08:00,39400.0
2021-03-09 09:00,40630.0
2021-03-09 10:00,40420.0
2021-03-09 11:00,40560.0
2021-03-09 12:00,38510.0
2021-03-09 13:00,38900.0
2021-03-09 14:00,37710.0
2021-03-09 15:00,37180.0
2021-03-09 16:00,37630.0
2021-03-09 17:00,38240.0
2021-03-09 18:00,38770.0
2021-03-09 19:00,37530.0
2021-03-09 20:00,35820.0
2021-03-09 21:00,34000.0
2021-03-09 22:00,32110.0
2021-03-09 23:00,29980.0
2021-03-10 00:00,27570.0
2021-03-10 01:00,26420.0
2021-03-10 02:00,26260.0
2021-03-10 03:00,26430.0
2021-03-10 04:00,27010.0
2021-03-10 05:00,28420.0
2021-03-10 06:00,31020.0
2021-03-10 07:00,32720.0
2021-03-10 08:00,34940.0
2021-03-10 09:00,36620.0
2021-03-10 10:00,36940.0
2021-03-10 11:00,36860.0
2021-03-10 12:00,35320.0
2021-03-10 13:00,35610.0
2021-03-10 14:00,34960.0
2021-03-10 15:00,34400.0
2021-03-10 16:00,34910.0
2021-03-10 17:00,35780.0
2021-03-10 18:00,37320.0
2021-03-10 19:00,36810.0
2021-03-10 20:00,35650.0
2021-03-10 21:00,34330.0
2021-03-10 22:00,32610.0
2021-03-10 23:00,30740.0
2021-03-11 00:00,28550.0
2021-03-11 01:00,27470.0
2021-03-11 02:00,27540.0
2021-03-11 03:00,27730.0
2021-03-11 04:00,28260.0
2021-03-11 05:00,30040.0
2021-03-11 06:00,33040.0
2021-03-11 07:00,35070.0
2021-03-11 08:00,37500.0
2021-03-11 09:00,39060.0
2021-03-11 10:00,39040.0
2021-03-11 11:00,38730.0
2021-03-11 12:00,36870.0
2021-03-11 13:00,37020.0
2021-03-11 14:00,36120.0
2021-03-11 15:00,35480.0
2021-03-11 16:00,35660.0
2021-03-11 17:00,36280.0
2021-03-11 18:00,37450.0
2021-03-11 19:00,36500.0
2021-03-11 20:00,35140.0
2021-03-11 21:00,33740.0
2021-03-11 22:00,31850.0
2021-03-11 23:00,29930.0
2021-03-12 00:00,27670.0
2021-03-12 01:00,26640.0
2021-03-12 02:00,26470.0
2021-03-12 03:00,26610.0
2021-03-12 04:00,27020.0
2021-03-12 05:00,28430.0
2021-03-12 06:00,30800.0
2021-03-12 07:00,32780.0
2021-03-12 08:00,35920.0
2021-03-12 09:00,37500.0
2021-03-12 10:00,37390.0
2021-03-12 11:00,36690.0
2021-03-12 12:00,35330.0
2021-03-12 13:00,35990.0
2021-03-12 14:00,34970.0
2021-03-12 15:00,34730.0
2021-03-12 16:00,35680.0
2021-03-12 17:00,36030.0
2021-03-12 18:00,36120.0
2021-03-12 19:00,34950.0
2021-03-12 20:00,33380.0
2021-03-12 21:00,31850.0
2021-03-12 22:00,30340.0
2021-03-12 23:00,28700.0
2021-03-13 00:00,26520.0
2021-03-13 01:00,25560.0
2021-03-13 02:00,25370.0
2021-03-13 03:00,25380.0
2021-03-13 04:00,25340.0
2021-03-13 05:00,25640.0
2021-03-13 06:00,27030.0
2021-03-13 07:00,29590.0
2021-03-13 08:00,32740.0
2021-03-13 09:00,34920.0
2021-03-13 10:00,35010.0
2021-03-13 11:00,34650.0
2021-03-13 12:00,34530.0
2021-03-13 13:00,34860.0
2021-03-13 14:00,34940.0
2021-03-13 15:00,34570.0
2021-03-13 16:00,34640.0
2021-03-13 17:00,35340.0
2021-03-13 18:00,35660.0
2021-03-13 19:00,34540.0
2021-03-13 20:00,33000.0
2021-03-13 21:00,31240.0
2021-03-13 22:00,29480.0
2021-03-13 23:00,27860.0
2021-03-14 00:00,25910.0
2021-03-14 01:00,24930.0
2021-03-14 02:00,24730.0
2021-03-14 03:00,24730.0
2021-03-14 04:00,24740.0
2021-03-14 05:00,25020.0
2021-03-14 06:00,25410.0
2021-03-14 07:00,25790.0
2021-03-14 08:00,26940.0
2021-03-14 09:00,28370.0
2021-03-14 10:00,29060.0
2021-03-14 11:00,29520.0
2021-03-14 12:00,29440.0
2021-03-14 13:00,28560.0
2021-03-14 14:00,27520.0
2021-03-14 15:00,27020.0
2021-03-14 16:00,27570.0
2021-03-14 17:00,29750.0
2021-03-14 18:00,32230.0
2021-03-14 19:00,32420.0
2021-03-14 20:00,31670.0
2021-03-14 21:00,30430.0
2021-03-14 22:00,28780.0
2021-03-14 23:00,27220.0
2021-03-15 00:00,25430.0
2021-03-15 01:00,24560.0
2021-03-15 02:00,24570.0
2021-03-15 03:00,24900.0
2021-03-15 04:00,25470.0
2021-03-15 05:00,27170.0
2021-03-15 06:00,29910.0
2021-03-15 07:00,32010.0
2021-03-15 08:00,35040.0
2021-03-15 09:00,36330.0
2021-03-15 10:00,36470.0
2021-03-15 11:00,36670.0
2021-03-15 12:00,35170.0
2021-03-15 13:00,35280.0
2021-03-15 14:00,34440.0
2021-03-15 15:00,33740.0
2021-03-15 16:00,33830.0
2021-03-15 17:00,34130.0
2021-03-15 18:00,35210.0
2021-03-15 19:00,34410.0
2021-03-15 20:00,33120.0
2021-03-15 21:00,31940.0
2021-03-15 22:00,30320.0
2021-03-15 23:00,28550.0
2021-03-16 00:00,26450.0
2021-03-16 01:00,25550.0
2021-03-16 02:00,25650.0
2021-03-16 03:00,25830.0
2021-03-16 04:00,26320.0
2021-03-16 05:00,28030.0
2021-03-16 06:00,29990.0
2021-03-16 07:00,32190.0
2021-03-16 08:00,35630.0
2021-03-16 09:00,36490.0
2021-03-16 10:00,36440.0
2021-03-16 11:00,36880.0
2021-03-16 12:00,35560.0
2021-03-16 13:00,35240.0
2021-03-16 14:00,34350.0
2021-03-16 15:00,33640.0
2021-03-16 16:00,33580.0
2021-03-16 17:00,33500.0
2021-03-16 18:00,34380.0
2021-03-16 19:00,33300.0
2021-03-16 20:00,31760.0
2021-03-16 21:00,30330.0
2021-03-16 22:00,29020.0
2021-03-16 23:00,27470.0
2021-03-17 00:00,25550.0
2021-03-17 01:00,24680.0
2021-03-17 02:00,24630.0
2021-03-17 03:00,24840.0
2021-03-17 04:00,25270.0
2021-03-17 05:00,26500.0
2021-03-17 06:00,28230.0
2021-03-17 07:00,29840.0
2021-03-17 08:00,32580.0
2021-03-17 09:00,34740.0
2021-03-17 10:00,35250.0
2021-03-17 11:00,35420.0
2021-03-17 12:00,34040.0
2021-03-17 13:00,34820.0
2021-03-17 14:00,34420.0
2021-03-17 15:00,33490.0
2021-03-17 16:00,32950.0
2021-03-17 17:00,33190.0
2021-03-17 18:00,34560.0
2021-03-17 19:00,33890.0
2021-03-17 20:00,32650.0
2021-03-17 21:00,31360.0
2021-03-17 22:00,29960.0
2021-03-17 23:00,28280.0
2021-03-18 00:00,26420.0
2021-03-18 01:00,25460.0
2021-03-18 02:00,25470.0
2021-03-18 03:00,25750.0
2021-03-18 04:00,26310.0
2021-03-18 05:00,27730.0
2021-03-18 06:00,29910.0
2021-03-18 07:00,31500.0
2021-03-18 08:00,34230.0
2021-03-18 09:00,36170.0
2021-03-18 10:00,36510.0
2021-03-18 11:00,36490.0
2021-03-18 12:00,34730.0
2021-03-18 13:00,34950.0
2021-03-18 14:00,34160.0
2021-03-18 15:00,33490.0
2021-03-18 16:00,33420.0
2021-03-18 17:00,33460.0
2021-03-18 18:00,34560.0
2021-03-18 19:00,33630.0
2021-03-18 20:00,32130.0
2021-03-18 21:00,30740.0
2021-03-18 22:00,29100.0
2021-03-18 23:00,27450.0
2021-03-19 00:00,25380.0
2021-03-19 01:00,24610.0
2021-03-19 02:00,24690.0
2021-03-19 03:00,24910.0
2021-03-19 04:00,25390.0
2021-03-19 05:00,26520.0
2021-03-19 06:00,28420.0
2021-03-19 07:00,30350.0
2021-03-19 08:00,33130.0
2021-03-19 09:00,35060.0
2021-03-19 10:00,35070.0
2021-03-19 11:00,35190.0
2021-03-19 12:00,33700.0
2021-03-19 13:00,34370.0
2021-03-19 14:00,33320.0
2021-03-19 15:00,33130.0
2021-03-19 16:00,33020.0
2021-03-19 17:00,32990.0
2021-03-19 18:00,34050.0
2021-03-19 19:00,33300.0
2021-03-19 20:00,31890.0
2021-03-19 21:00,30530.0
2021-03-19 22:00,29250.0
2021-03-19 23:00,27680.0
2021-03-20 00:00,25590.0
2021-03-20 01:00,24630.0
2021-03-20 02:00,24480.0
2021-03-20 03:00,24550.0
2021-03-20 04:00,24630.0
2021-03-20 05:00,24790.0
2021-03-20 06:00,25290.0
2021-03-20 07:00,26660.0
2021-03-20 08:00,28240.0
2021-03-20 09:00,29200.0
2021-03-20 10:00,29650.0
2021-03-20 11:00,29410.0
2021-03-20 12:00,28370.0
2021-03-20 13:00,28460.0
2021-03-20 14:00,27860.0
2021-03-20 15:00,27600.0
2021-03-20 16:00,28420.0
2021-03-20 17:00,29850.0
2021-03-20 18:00,30880.0
2021-03-20 19:00,30580.0
2021-03-20 20:00,29440.0
2021-03-20 21:00,27900.0
2021-03-20 22:00,26430.0
2021-03-20 23:00,25220.0
2021-03-21 00:00,23610.0
2021-03-21 01:00,22770.0
2021-03-21 02:00,22770.0
2021-03-21 03:00,22920.0
2021-03-21 04:00,22870.0
2021-03-21 05:00,22860.0
2021-03-21 06:00,23400.0
2021-03-21 07:00,24820.0
2021-03-21 08:00,27100.0
2021-03-21 09:00,28830.0
2021-03-21 10:00,29340.0
2021-03-21 11:00,29440.0
2021-03-21 12:00,29700.0
2021-03-21 13:00,29140.0
2021-03-21 14:00,29040.0
2021-03-21 15:00,29140.0
2021-03-21 16:00,29630.0
2021-03-21 17:00,30810.0
2021-03-21 18:00,31300.0
2021-03-21 19:00,30430.0
2021-03-21 20:00,28920.0
2021-03-21 21:00,27340.0
2021-03-21 22:00,25700.0
2021-03-21 23:00,24460.0
2021-03-22 00:00,23010.0
2021-03-22 01:00,22310.0
2021-03-22 02:00,22450.0
2021-03-22 03:00,22820.0
2021-03-22 04:00,23360.0
2021-03-22 05:00,24420.0
2021-03-22 06:00,26430.0
2021-03-22 07:00,29550.0
2021-03-22 08:00,33280.0
2021-03-22 09:00,34950.0
2021-03-22 10:00,34930.0
2021-03-22 11:00,35290.0
2021-03-22 12:00,34210.0
2021-03-22 13:00,34780.0
2021-03-22 14:00,34510.0
2021-03-22 15:00,34720.0
2021-03-22 16:00,35430.0
2021-03-22 17:00,35930.0
2021-03-22 18:00,36440.0
2021-03-22 19:00,35400.0
2021-03-22 20:00,34100.0
2021-03-22 21:00,32450.0
2021-03-22 22:00,30750.0
2021-03-22 23:00,28840.0
2021-03-23 00:00,26650.0
2021-03-23 01:00,25590.0
2021-03-23 02:00,25610.0
2021-03-23 03:00,25980.0
2021-03-23 04:00,26550.0
2021-03-23 05:00,28010.0
2021-03-23 06:00,29970.0
2021-03-23 07:00,31510.0
2021-03-23 08:00,34380.0
2021-03-23 09:00,36630.0
2021-03-23 10:00,37110.0
2021-03-23 11:00,37010.0
2021-03-23 12:00,35450.0
2021-03-23 13:00,35640.0
2021-03-23 14:00,34730.0
2021-03-23 15:00,33980.0
2021-03-23 16:00,33940.0
2021-03-23 17:00,34090.0
2021-03-23 18:00,35520.0
2021-03-23 19:00,34880.0
2021-03-23 20:00,33700.0
2021-03-23 21:00,32120.0
2021-03-23 22:00,30370.0
2021-03-23 23:00,28560.0
2021-03-24 00:00,26380.0
2021-03-24 01:00,25360.0
2021-03-24 02:00,25360.0
2021-03-24 03:00,25590.0
2021-03-24 04:00,26130.0
2021-03-24 05:00,27360.0
2021-03-24 06:00,29220.0
2021-03-24 07:00,30700.0
2021-03-24 08:00,33470.0
2021-03-24 09:00,35410.0
2021-03-24 10:00,35580.0
2021-03-24 11:00,35610.0
2021-03-24 12:00,34350.0
2021-03-24 13:00,34660.0
2021-03-24 14:00,33770.0
2021-03-24 15:00,33220.0
2021-03-24 16:00,32880.0
2021-03-24 17:00,32520.0
2021-03-24 18:00,33660.0
2021-03-24 19:00,32980.0
2021-03-24 20:00,31800.0
2021-03-24 21:00,30320.0
2021-03-24 22:00,28840.0
2021-03-24 23:00,27190.0
2021-03-25 00:00,25260.0
2021-03-25 01:00,24290.0
2021-03-25 02:00,24360.0
2021-03-25 03:00,24610.0
2021-03-25 04:00,25010.0
2021-03-25 05:00,25910.0
2021-03-25 06:00,27420.0
2021-03-25 07:00,29220.0
2021-03-25 08:00,32330.0
2021-03-25 09:00,35030.0
2021-03-25 10:00,35250.0
2021-03-25 11:00,34750.0
2021-03-25 12:00,32770.0
2021-03-25 13:00,33290.0
2021-03-25 14:00,34200.0
2021-03-25 15:00,33470.0
2021-03-25 16:00,33720.0
2021-03-25 17:00,34230.0
2021-03-25 18:00,34770.0
2021-03-25 19:00,33650.0
2021-03-25 20:00,32290.0
2021-03-25 21:00,30790.0
2021-03-25 22:00,29270.0
2021-03-25 23:00,27640.0
2021-03-26 00:00,25690.0
2021-03-26 01:00,24710.0
2021-03-26 02:00,24760.0
2021-03-26 03:00,25000.0
2021-03-26 04:00,25500.0
2021-03-26 05:00,26440.0
2021-03-26 06:00,27780.0
2021-03-26 07:00,29130.0
2021-03-26 08:00,31970.0
2021-03-26 09:00,34200.0
2021-03-26 10:00,34960.0
2021-03-26 11:00,35310.0
2021-03-26 12:00,34040.0
2021-03-26 13:00,34230.0
2021-03-26 14:00,33130.0
2021-03-26 15:00,31980.0
2021-03-26 16:00,31970.0
2021-03-26 17:00,32210.0
2021-03-26 18:00,33400.0
2021-03-26 19:00,32880.0
2021-03-26 20:00,31880.0
2021-03-26 21:00,30610.0
2021-03-26 22:00,29280.0
2021-03-26 23:00,27850.0
2021-03-27 00:00,25980.0
2021-03-27 01:00,24920.0
2021-03-27 02:00,24870.0
2021-03-27 03:00,25030.0
2021-03-27 04:00,25260.0
2021-03-27 05:00,25540.0
2021-03-27 06:00,25690.0
2021-03-27 07:00,26370.0
2021-03-27 08:00,28420.0
2021-03-27 09:00,30100.0
2021-03-27 10:00,30810.0
2021-03-27 11:00,31120.0
2021-03-27 12:00,30560.0
2021-03-27 13:00,30070.0
2021-03-27 14:00,29010.0
2021-03-27 15:00,28380.0
2021-03-27 16:00,28080.0
2021-03-27 17:00,28930.0
2021-03-27 18:00,30660.0
2021-03-27 19:00,30380.0
2021-03-27 20:00,29540.0
2021-03-27 21:00,28110.0
2021-03-27 22:00,26700.0
2021-03-27 23:00,25440.0
2021-03-28 00:00,23600.0
2021-03-28 01:00,22810.0
2021-03-28 02:00,22720.0
2021-03-28 03:00,22860.0
2021-03-28 04:00,22870.0
2021-03-28 05:00,22960.0
2021-03-28 06:00,22800.0
2021-03-28 07:00,23890.0
2021-03-28 08:00,25450.0
2021-03-28 09:00,27290.0
2021-03-28 10:00,28250.0
2021-03-28 11:00,28610.0
2021-03-28 12:00,28370.0
2021-03-28 13:00,28000.0
2021-03-28 14:00,27370.0
2021-03-28 15:00,27250.0
2021-03-28 16:00,27980.0
2021-03-28 17:00,29610.0
2021-03-28 18:00,30650.0
2021-03-28 19:00,30070.0
2021-03-28 20:00,29090.0
2021-03-28 21:00,27600.0
2021-03-28 22:00,25990.0
2021-03-28 23:00,24580.0
2021-03-29 00:00,23020.0
2021-03-29 01:00,22330.0
2021-03-29 02:00,22510.0
2021-03-29 03:00,22840.0
2021-03-29 04:00,23070.0
2021-03-29 05:00,23650.0
2021-03-29 06:00,24860.0
2021-03-29 07:00,26850.0
2021-03-29 08:00,30010.0
2021-03-29 09:00,32350.0
2021-03-29 10:00,33550.0
2021-03-29 11:00,34080.0
2021-03-29 12:00,33400.0
2021-03-29 13:00,34350.0
2021-03-29 14:00,33030.0
2021-03-29 15:00,31510.0
2021-03-29 16:00,32140.0
2021-03-29 17:00,31490.0
2021-03-29 18:00,32210.0
2021-03-29 19:00,31250.0
2021-03-29 20:00,29820.0
2021-03-29 21:00,28410.0
2021-03-29 22:00,27000.0
2021-03-29 23:00,25620.0
2021-03-30 00:00,23800.0
2021-03-30 01:00,22930.0
2021-03-30 02:00,23040.0
2021-03-30 03:00,23350.0
2021-03-30 04:00,23490.0
2021-03-30 05:00,23870.0
2021-03-30 06:00,24640.0
2021-03-30 07:00,26870.0
2021-03-30 08:00,30250.0
2021-03-30 09:00,32250.0
2021-03-30 10:00,32470.0
2021-03-30 11:00,33160.0
2021-03-30 12:00,32480.0
2021-03-30 13:00,33300.0
2021-03-30 14:00,32780.0
2021-03-30 15:00,32440.0
2021-03-30 16:00,31720.0
2021-03-30 17:00,31780.0
2021-03-30 18:00,32320.0
2021-03-30 19:00,31330.0
2021-03-30 20:00,29850.0
2021-03-30 21:00,28290.0
2021-03-30 22:00,26860.0
2021-03-30 23:00,25490.0
2021-03-31 00:00,23590.0
2021-03-31 01:00,22690.0
2021-03-31 02:00,22700.0
2021-03-31 03:00,22920.0
2021-03-31 04:00,23010.0
2021-03-31 05:00,23360.0
2021-03-31 06:00,24240.0
2021-03-31 07:00,26060.0
2021-03-31 08:00,29130.0
2021-03-31 09:00,31580.0
2021-03-31 10:00,32620.0
2021-03-31 11:00,33240.0
2021-03-31 12:00,32270.0
2021-03-31 13:00,32780.0
2021-03-31 14:00,32390.0
2021-03-31 15:00,31800.0
2021-03-31 16:00,31260.0
2021-03-31 17:00,30780.0
2021-03-31 18:00,31580.0
2021-03-31 19:00,30760.0
2021-03-31 20:00,29450.0
2021-03-31 21:00,28080.0
2021-03-31 22:00,26750.0
2021-03-31 23:00,25350.0
2021-04-01 00:00,23500.0
2021-04-01 01:00,22530.0
2021-04-01 02:00,22620.0
2021-04-01 03:00,22900.0
2021-04-01 04:00,23150.0
2021-04-01 05:00,23680.0
2021-04-01 06:00,24660.0
2021-04-01 07:00,26360.0
2021-04-01 08:00,29220.0
2021-04-01 09:00,31070.0
2021-04-01 10:00,32150.0
2021-04-01 11:00,32830.0
2021-04-01 12:00,31800.0
2021-04-01 13:00,32600.0
2021-04-01 14:00,32460.0
2021-04-01 15:00,32170.0
2021-04-01 16:00,32050.0
2021-04-01 17:00,31560.0
2021-04-01 18:00,32350.0
2021-04-01 19:00,31520.0
2021-04-01 20:00,30170.0
2021-04-01 21:00,28510.0
2021-04-01 22:00,27250.0
2021-04-01 23:00,25810.0
2021-04-02 00:00,23970.0
2021-04-02 01:00,23020.0
2021-04-02 02:00,23100.0
2021-04-02 03:00,23370.0
2021-04-02 04:00,23710.0
2021-04-02 05:00,24230.0
2021-04-02 06:00,25200.0
2021-04-02 07:00,26930.0
2021-04-02 08:00,29920.0
2021-04-02 09:00,32020.0
2021-04-02 10:00,32720.0
2021-04-02 11:00,32520.0
2021-04-02 12:00,31060.0
2021-04-02 13:00,32200.0
2021-04-02 14:00,32130.0
2021-04-02 15:00,32130.0
2021-04-02 16:00,32010.0
2021-04-02 17:00,31810.0
2021-04-02 18:00,32380.0
2021-04-02 19:00,31440.0
2021-04-02 20:00,30080.0
2021-04-02 21:00,28520.0
2021-04-02 22:00,27340.0
2021-04-02 23:00,26000.0
2021-04-03 00:00,24130.0
2021-04-03 01:00,23100.0
2021-04-03 02:00,23020.0
2021-04-03 03:00,23220.0
2021-04-03 04:00,23300.0
2021-04-03 05:00,23130.0
2021-04-03 06:00,23090.0
2021-04-03 07:00,23660.0
2021-04-03 08:00,25120.0
2021-04-03 09:00,27150.0
2021-04-03 10:00,27590.0
2021-04-03 11:00,27280.0
2021-04-03 12:00,26830.0
2021-04-03 13:00,26890.0
2021-04-03 14:00,26540.0
2021-04-03 15:00,26500.0
2021-04-03 16:00,26610.0
2021-04-03 17:00,27250.0
2021-04-03 18:00,28700.0
2021-04-03 19:00,28430.0
2021-04-03 20:00,27430.0
2021-04-03 21:00,25990.0
2021-04-03 22:00,24930.0
2021-04-03 23:00,23920.0
2021-04-04 00:00,22360.0
2021-04-04 01:00,21520.0
2021-04-04 02:00,21610.0
2021-04-04 03:00,21830.0
2021-04-04 04:00,21970.0
2021-04-04 05:00,21690.0
2021-04-04 06:00,21260.0
2021-04-04 07:00,22000.0
2021-04-04 08:00,23650.0
2021-04-04 09:00,24680.0
2021-04-04 10:00,25420.0
2021-04-04 11:00,26210.0
2021-04-04 12:00,25960.0
2021-04-04 13:00,25940.0
2021-04-04 14:00,25660.0
2021-04-04 15:00,25840.0
2021-04-04 16:00,26390.0
2021-04-04 17:00,27960.0
2021-04-04 18:00,29070.0
2021-04-04 19:00,28660.0
2021-04-04 20:00,27800.0
2021-04-04 21:00,26420.0
2021-04-04 22:00,24990.0
2021-04-04 23:00,23840.0
2021-04-05 00:00,22230.0
2021-04-05 01:00,21410.0
2021-04-05 02:00,21640.0
2021-04-05 03:00,21990.0
2021-04-05 04:00,22270.0
2021-04-05 05:00,22860.0
2021-04-05 06:00,24560.0
2021-04-05 07:00,27190.0
2021-04-05 08:00,30440.0
2021-04-05 09:00,32630.0
2021-04-05 10:00,32820.0
2021-04-05 11:00,33210.0
2021-04-05 12:00,32680.0
2021-04-05 13:00,33770.0
2021-04-05 14:00,33700.0
2021-04-05 15:00,33810.0
2021-04-05 16:00,34040.0
2021-04-05 17:00,34210.0
2021-04-05 18:00,34750.0
2021-04-05 19:00,33890.0
2021-04-05 20:00,32470.0
2021-04-05 21:00,30770.0
2021-04-05 22:00,29310.0
2021-04-05 23:00,27710.0
2021-04-06 00:00,25700.0
2021-04-06 01:00,24720.0
2021-04-06 02:00,24660.0
2021-04-06 03:00,24980.0
2021-04-06 04:00,25510.0
2021-04-06 05:00,26460.0
2021-04-06 06:00,28170.0
2021-04-06 07:00,30380.0
2021-04-06 08:00,33340.0
2021-04-06 09:00,34640.0
2021-04-06 10:00,35250.0
2021-04-06 11:00,35090.0
2021-04-06 12:00,33280.0
2021-04-06 13:00,33930.0
2021-04-06 14:00,33510.0
2021-04-06 15:00,33610.0
2021-04-06 16:00,33650.0
2021-04-06 17:00,33780.0
2021-04-06 18:00,35120.0
2021-04-06 19:00,34500.0
2021-04-06 20:00,33250.0
2021-04-06 21:00,31460.0
2021-04-06 22:00,29810.0
2021-04-06 23:00,27830.0
2021-04-07 00:00,25480.0
2021-04-07 01:00,24430.0
2021-04-07 02:00,24440.0
2021-04-07 03:00,24680.0
2021-04-07 04:00,25090.0
2021-04-07 05:00,25830.0
2021-04-07 06:00,27040.0
2021-04-07 07:00,28380.0
2021-04-07 08:00,30810.0
2021-04-07 09:00,32830.0
2021-04-07 10:00,33540.0
2021-04-07 11:00,33760.0
2021-04-07 12:00,32550.0
2021-04-07 13:00,33030.0
2021-04-07 14:00,32420.0
2021-04-07 15:00,31960.0
2021-04-07 16:00,32030.0
2021-04-07 17:00,31920.0
2021-04-07 18:00,33020.0
2021-04-07 19:00,32530.0
2021-04-07 20:00,31400.0
2021-04-07 21:00,29750.0
2021-04-07 22:00,28370.0
2021-04-07 23:00,26750.0
2021-04-08 00:00,24730.0
2021-04-08 01:00,23840.0
2021-04-08 02:00,23890.0
2021-04-08 03:00,24250.0
2021-04-08 04:00,24720.0
2021-04-08 05:00,25540.0
2021-04-08 06:00,26860.0
2021-04-08 07:00,28060.0
2021-04-08 08:00,30580.0
2021-04-08 09:00,32730.0
2021-04-08 10:00,33540.0
2021-04-08 11:00,33940.0
2021-04-08 12:00,32440.0
2021-04-08 13:00,33380.0
2021-04-08 14:00,33130.0
2021-04-08 15:00,32840.0
2021-04-08 16:00,32720.0
2021-04-08 17:00,32610.0
2021-04-08 18:00,33720.0
2021-04-08 19:00,33050.0
2021-04-08 20:00,31740.0
2021-04-08 21:00,30050.0
2021-04-08 22:00,28470.0
2021-04-08 23:00,26870.0
2021-04-09 00:00,24880.0
2021-04-09 01:00,24050.0
2021-04-09 02:00,24080.0
2021-04-09 03:00,24500.0
2021-04-09 04:00,25050.0
2021-04-09 05:00,25970.0
2021-04-09 06:00,27320.0
2021-04-09 07:00,28450.0
2021-04-09 08:00,30820.0
2021-04-09 09:00,33020.0
2021-04-09 10:00,33920.0
2021-04-09 11:00,34350.0
2021-04-09 12:00,33200.0
2021-04-09 13:00,33590.0
2021-04-09 14:00,33120.0
2021-04-09 15:00,33040.0
2021-04-09 16:00,33060.0
2021-04-09 17:00,33520.0
2021-04-09 18:00,34490.0
2021-04-09 19:00,33940.0
2021-04-09 20:00,32790.0
2021-04-09 21:00,31200.0
2021-04-09 22:00,29830.0
2021-04-09 23:00,28230.0
2021-04-10 00:00,26160.0
2021-04-10 01:00,25050.0
2021-04-10 02:00,24980.0
2021-04-10 03:00,25110.0
2021-04-10 04:00,25350.0
2021-04-10 05:00,25640.0
2021-04-10 06:00,25790.0
2021-04-10 07:00,26280.0
2021-04-10 08:00,28020.0
2021-04-10 09:00,29210.0
2021-04-10 10:00,29740.0
2021-04-10 11:00,29890.0
2021-04-10 12:00,29450.0
2021-04-10 13:00,28810.0
2021-04-10 14:00,27950.0
2021-04-10 15:00,27540.0
2021-04-10 16:00,27870.0
2021-04-10 17:00,29160.0
2021-04-10 18:00,31390.0
2021-04-10 19:00,31650.0
2021-04-10 20:00,30930.0
2021-04-10 21:00,29400.0
2021-04-10 22:00,27950.0
2021-04-10 23:00,26520.0
2021-04-11 00:00,24640.0
2021-04-11 01:00,23700.0
2021-04-11 02:00,23690.0
2021-04-11 03:00,23940.0
2021-04-11 04:00,24160.0
2021-04-11 05:00,24170.0
2021-04-11 06:00,23860.0
2021-04-11 07:00,23890.0
2021-04-11 08:00,25340.0
2021-04-11 09:00,26850.0
2021-04-11 10:00,27360.0
2021-04-11 11:00,27480.0
2021-04-11 12:00,27450.0
2021-04-11 13:00,26760.0
2021-04-11 14:00,26080.0
2021-04-11 15:00,25960.0
2021-04-11 16:00,26480.0
2021-04-11 17:00,27870.0
2021-04-11 18:00,30010.0
2021-04-11 19:00,30150.0
2021-04-11 20:00,29320.0
2021-04-11 21:00,28040.0
2021-04-11 22:00,26430.0
2021-04-11 23:00,25020.0
2021-04-12 00:00,23310.0
2021-04-12 01:00,22550.0
2021-04-12 02:00,22830.0
2021-04-12 03:00,23380.0
2021-04-12 04:00,23990.0
2021-04-12 05:00,24840.0
2021-04-12 06:00,26320.0
2021-04-12 07:00,27960.0
2021-04-12 08:00,30760.0
2021-04-12 09:00,33050.0
2021-04-12 10:00,33730.0
2021-04-12 11:00,33610.0
2021-04-12 12:00,32520.0
2021-04-12 13:00,33050.0
2021-04-12 14:00,32810.0
2021-04-12 15:00,32670.0
2021-04-12 16:00,32810.0
2021-04-12 17:00,32590.0
2021-04-12 18:00,33560.0
2021-04-12 19:00,32830.0
2021-04-12 20:00,31500.0
2021-04-12 21:00,29790.0
2021-04-12 22:00,28270.0
2021-04-12 23:00,26700.0
2021-04-13 00:00,24740.0
2021-04-13 01:00,23800.0
2021-04-13 02:00,23860.0
2021-04-13 03:00,24240.0
2021-04-13 04:00,24610.0
2021-04-13 05:00,25250.0
2021-04-13 06:00,26950.0
2021-04-13 07:00,29420.0
2021-04-13 08:00,32420.0
2021-04-13 09:00,33930.0
2021-04-13 10:00,33850.0
2021-04-13 11:00,34150.0
2021-04-13 12:00,32850.0
2021-04-13 13:00,33750.0
2021-04-13 14:00,33660.0
2021-04-13 15:00,33790.0
2021-04-13 16:00,33720.0
2021-04-13 17:00,33780.0
2021-04-13 18:00,34270.0
2021-04-13 19:00,33150.0
2021-04-13 20:00,31610.0
2021-04-13 21:00,29800.0
2021-04-13 22:00,28370.0
2021-04-13 23:00,26720.0
2021-04-14 00:00,24850.0
2021-04-14 01:00,23840.0
2021-04-14 02:00,23870.0
2021-04-14 03:00,24160.0
2021-04-14 04:00,24370.0
2021-04-14 05:00,24770.0
2021-04-14 06:00,26340.0
2021-04-14 07:00,29000.0
2021-04-14 08:00,32030.0
2021-04-14 09:00,33650.0
2021-04-14 10:00,34120.0
2021-04-14 11:00,33610.0
2021-04-14 12:00,32340.0
2021-04-14 13:00,33390.0
2021-04-14 14:00,33330.0
2021-04-14 15:00,33620.0
2021-04-14 16:00,33850.0
2021-04-14 17:00,33940.0
2021-04-14 18:00,34080.0
2021-04-14 19:00,33180.0
2021-04-14 20:00,31930.0
2021-04-14 21:00,30310.0
2021-04-14 22:00,29060.0
2021-04-14 23:00,27440.0
2021-04-15 00:00,25540.0
2021-04-15 01:00,24520.0
2021-04-15 02:00,24540.0
2021-04-15 03:00,24880.0
2021-04-15 04:00,25470.0
2021-04-15 05:00,26410.0
2021-04-15 06:00,27710.0
2021-04-15 07:00,28810.0
2021-04-15 08:00,31480.0
2021-04-15 09:00,33830.0
2021-04-15 10:00,34650.0
2021-04-15 11:00,34860.0
2021-04-15 12:00,33480.0
2021-04-15 13:00,33850.0
2021-04-15 14:00,33380.0
2021-04-15 15:00,33150.0
2021-04-15 16:00,33140.0
2021-04-15 17:00,33170.0
2021-04-15 18:00,34800.0
2021-04-15 19:00,34360.0
2021-04-15 20:00,33040.0
2021-04-15 21:00,31290.0
2021-04-15 22:00,29590.0
2021-04-15 23:00,27810.0
2021-04-16 00:00,25660.0
2021-04-16 01:00,24600.0
2021-04-16 02:00,24630.0
2021-04-16 03:00,25010.0
2021-04-16 04:00,25420.0
2021-04-16 05:00,26060.0
2021-04-16 06:00,27770.0
2021-04-16 07:00,29700.0
2021-04-16 08:00,32320.0
2021-04-16 09:00,33330.0
2021-04-16 10:00,33700.0
2021-04-16 11:00,34440.0
2021-04-16 12:00,32630.0
2021-04-16 13:00,33150.0
2021-04-16 14:00,32880.0
2021-04-16 15:00,33030.0
2021-04-16 16:00,33430.0
2021-04-16 17:00,33390.0
2021-04-16 18:00,33880.0
2021-04-16 19:00,33010.0
2021-04-16 20:00,31580.0
2021-04-16 21:00,29910.0
2021-04-16 22:00,28550.0
2021-04-16 23:00,26910.0
2021-04-17 00:00,25010.0
2021-04-17 01:00,23870.0
2021-04-17 02:00,23850.0
2021-04-17 03:00,23990.0
2021-04-17 04:00,24050.0
2021-04-17 05:00,23990.0
2021-04-17 06:00,24300.0
2021-04-17 07:00,25400.0
2021-04-17 08:00,27740.0
2021-04-17 09:00,29280.0
2021-04-17 10:00,29930.0
2021-04-17 11:00,30270.0
2021-04-17 12:00,29580.0
2021-04-17 13:00,29390.0
2021-04-17 14:00,29090.0
2021-04-17 15:00,29040.0
2021-04-17 16:00,29190.0
2021-04-17 17:00,30030.0
2021-04-17 18:00,30980.0
2021-04-17 19:00,30530.0
2021-04-17 20:00,29430.0
2021-04-17 21:00,27970.0
2021-04-17 22:00,26620.0
2021-04-17 23:00,25370.0
2021-04-18 00:00,23730.0
2021-04-18 01:00,22640.0
2021-04-18 02:00,22580.0
2021-04-18 03:00,22720.0
2021-04-18 04:00,22740.0
2021-04-18 05:00,22450.0
2021-04-18 06:00,21920.0
2021-04-18 07:00,22380.0
2021-04-18 08:00,23840.0
2021-04-18 09:00,25530.0
2021-04-18 10:00,26500.0
2021-04-18 11:00,27220.0
2021-04-18 12:00,26820.0
2021-04-18 13:00,25970.0
2021-04-18 14:00,25390.0
2021-04-18 15:00,25000.0
2021-04-18 16:00,25490.0
2021-04-18 17:00,26990.0
2021-04-18 18:00,29140.0
2021-04-18 19:00,29520.0
2021-04-18 20:00,28700.0
2021-04-18 21:00,27430.0
2021-04-18 22:00,25890.0
2021-04-18 23:00,24610.0
2021-04-19 00:00,22970.0
2021-04-19 01:00,22180.0
2021-04-19 02:00,22370.0
2021-04-19 03:00,22800.0
2021-04-19 04:00,23360.0
2021-04-19 05:00,24070.0
2021-04-19 06:00,25380.0
2021-04-19 07:00,26890.0
2021-04-19 08:00,29820.0
2021-04-19 09:00,32090.0
2021-04-19 10:00,33010.0
2021-04-19 11:00,33330.0
2021-04-19 12:00,32200.0
2021-04-19 13:00,32720.0
2021-04-19 14:00,32150.0
2021-04-19 15:00,31650.0
2021-04-19 16:00,31820.0
2021-04-19 17:00,31720.0
2021-04-19 18:00,32590.0
2021-04-19 19:00,32110.0
2021-04-19 20:00,30790.0
2021-04-19 21:00,29190.0
2021-04-19 22:00,27800.0
2021-04-19 23:00,26320.0
2021-04-20 00:00,24420.0
2021-04-20 01:00,23500.0
2021-04-20 02:00,23620.0
2021-04-20 03:00,24090.0
2021-04-20 04:00,24530.0
2021-04-20 05:00,24950.0
2021-04-20 06:00,26040.0
2021-04-20 07:00,27400.0
2021-04-20 08:00,29950.0
2021-04-20 09:00,32110.0
2021-04-20 10:00,33040.0
2021-04-20 11:00,33370.0
2021-04-20 12:00,32210.0
2021-04-20 13:00,33030.0
2021-04-20 14:00,32700.0
2021-04-20 15:00,32410.0
2021-04-20 16:00,32240.0
2021-04-20 17:00,31840.0
2021-04-20 18:00,32390.0
2021-04-20 19:00,31680.0
2021-04-20 20:00,30170.0
2021-04-20 21:00,28560.0
2021-04-20 22:00,27370.0
2021-04-20 23:00,25970.0
2021-04-21 00:00,24080.0
2021-04-21 01:00,23140.0
2021-04-21 02:00,23290.0
2021-04-21 03:00,23630.0
2021-04-21 04:00,23990.0
2021-04-21 05:00,24200.0
2021-04-21 06:00,24930.0
2021-04-21 07:00,26230.0
2021-04-21 08:00,29080.0
2021-04-21 09:00,31680.0
2021-04-21 10:00,32820.0
2021-04-21 11:00,33250.0
2021-04-21 12:00,32180.0
2021-04-21 13:00,32850.0
2021-04-21 14:00,32380.0
2021-04-21 15:00,32080.0
2021-04-21 16:00,32230.0
2021-04-21 17:00,31950.0
2021-04-21 18:00,32390.0
2021-04-21 19:00,31630.0
2021-04-21 20:00,30100.0
2021-04-21 21:00,28550.0
2021-04-21 22:00,27270.0
2021-04-21 23:00,25830.0
2021-04-22 00:00,24000.0
2021-04-22 01:00,23100.0
2021-04-22 02:00,23200.0
2021-04-22 03:00,23630.0
2021-04-22 04:00,24050.0
2021-04-22 05:00,24370.0
2021-04-22 06:00,25010.0
2021-04-22 07:00,26170.0
2021-04-22 08:00,28950.0
2021-04-22 09:00,31580.0
2021-04-22 10:00,32680.0
2021-04-22 11:00,33310.0
2021-04-22 12:00,32690.0
2021-04-22 13:00,33150.0
2021-04-22 14:00,32330.0
2021-04-22 15:00,31660.0
2021-04-22 16:00,31710.0
2021-04-22 17:00,31680.0
2021-04-22 18:00,32260.0
2021-04-22 19:00,31560.0
2021-04-22 20:00,30140.0
2021-04-22 21:00,28650.0
2021-04-22 22:00,27300.0
2021-04-22 23:00,25980.0
2021-04-23 00:00,24090.0
2021-04-23 01:00,23200.0
2021-04-23 02:00,23310.0
2021-04-23 03:00,23690.0
2021-04-23 04:00,24150.0
2021-04-23 05:00,24500.0
2021-04-23 06:00,25430.0
2021-04-23 07:00,26570.0
2021-04-23 08:00,29120.0
2021-04-23 09:00,31570.0
2021-04-23 10:00,32580.0
2021-04-23 11:00,32960.0
2021-04-23 12:00,31820.0
2021-04-23 13:00,32280.0
2021-04-23 14:00,31730.0
2021-04-23 15:00,31290.0
2021-04-23 16:00,31420.0
2021-04-23 17:00,31270.0
2021-04-23 18:00,31930.0
2021-04-23 19:00,31560.0
2021-04-23 20:00,30260.0
2021-04-23 21:00,28700.0
2021-04-23 22:00,27580.0
2021-04-23 23:00,26180.0
2021-04-24 00:00,24440.0
2021-04-24 01:00,23410.0
2021-04-24 02:00,23350.0
2021-04-24 03:00,23690.0
2021-04-24 04:00,23790.0
2021-04-24 05:00,23450.0
2021-04-24 06:00,23150.0
2021-04-24 07:00,23520.0
2021-04-24 08:00,25340.0
2021-04-24 09:00,27220.0
2021-04-24 10:00,28000.0
2021-04-24 11:00,28250.0
2021-04-24 12:00,28180.0
2021-04-24 13:00,27850.0
2021-04-24 14:00,27080.0
2021-04-24 15:00,26390.0
2021-04-24 16:00,26350.0
2021-04-24 17:00,26940.0
2021-04-24 18:00,28480.0
2021-04-24 19:00,28550.0
2021-04-24 20:00,27550.0
2021-04-24 21:00,26210.0
2021-04-24 22:00,25150.0
2021-04-24 23:00,24060.0
2021-04-25 00:00,22470.0
2021-04-25 01:00,21690.0
2021-04-25 02:00,21710.0
2021-04-25 03:00,22080.0
2021-04-25 04:00,22170.0
2021-04-25 05:00,21720.0
2021-04-25 06:00,21330.0
2021-04-25 07:00,21920.0
2021-04-25 08:00,23420.0
2021-04-25 09:00,24640.0
2021-04-25 10:00,25680.0
2021-04-25 11:00,26660.0
2021-04-25 12:00,26790.0
2021-04-25 13:00,26090.0
2021-04-25 14:00,25460.0
2021-04-25 15:00,25510.0
2021-04-25 16:00,25720.0
2021-04-25 17:00,26910.0
2021-04-25 18:00,28600.0
2021-04-25 19:00,28480.0
2021-04-25 20:00,27460.0
2021-04-25 21:00,26210.0
2021-04-25 22:00,24880.0
2021-04-25 23:00,23800.0
2021-04-26 00:00,22320.0
2021-04-26 01:00,21640.0
2021-04-26 02:00,21740.0
2021-04-26 03:00,22340.0
2021-04-26 04:00,22960.0
2021-04-26 05:00,23550.0
2021-04-26 06:00,24620.0
2021-04-26 07:00,26060.0
2021-04-26 08:00,29000.0
2021-04-26 09:00,31660.0
2021-04-26 10:00,32740.0
2021-04-26 11:00,33280.0
2021-04-26 12:00,32070.0
2021-04-26 13:00,32400.0
2021-04-26 14:00,31730.0
2021-04-26 15:00,31120.0
2021-04-26 16:00,31400.0
2021-04-26 17:00,31470.0
2021-04-26 18:00,32330.0
2021-04-26 19:00,32150.0
2021-04-26 20:00,30870.0
2021-04-26 21:00,29490.0
2021-04-26 22:00,28150.0
2021-04-26 23:00,26550.0
2021-04-27 00:00,24620.0
2021-04-27 01:00,23730.0
2021-04-27 02:00,23850.0
2021-04-27 03:00,24260.0
2021-04-27 04:00,24720.0
2021-04-27 05:00,25040.0
2021-04-27 06:00,26000.0
2021-04-27 07:00,27190.0
2021-04-27 08:00,29910.0
2021-04-27 09:00,32060.0
2021-04-27 10:00,32710.0
2021-04-27 11:00,33010.0
2021-04-27 12:00,31990.0
2021-04-27 13:00,32540.0
2021-04-27 14:00,32400.0
2021-04-27 15:00,31560.0
2021-04-27 16:00,31160.0
2021-04-27 17:00,30980.0
2021-04-27 18:00,32000.0
2021-04-27 19:00,31640.0
2021-04-27 20:00,30170.0
2021-04-27 21:00,28560.0
2021-04-27 22:00,27290.0
2021-04-27 23:00,25820.0
2021-04-28 00:00,23940.0
2021-04-28 01:00,22970.0
2021-04-28 02:00,23090.0
2021-04-28 03:00,23470.0
2021-04-28 04:00,23830.0
2021-04-28 05:00,23770.0
2021-04-28 06:00,24640.0
2021-04-28 07:00,26330.0
2021-04-28 08:00,29230.0
2021-04-28 09:00,31740.0
2021-04-28 10:00,32340.0
2021-04-28 11:00,31870.0
2021-04-28 12:00,29410.0
2021-04-28 13:00,31020.0
2021-04-28 14:00,31340.0
2021-04-28 15:00,31420.0
2021-04-28 16:00,31000.0
2021-04-28 17:00,30500.0
2021-04-28 18:00,31050.0
2021-04-28 19:00,30460.0
2021-04-28 20:00,29050.0
2021-04-28 21:00,27560.0
2021-04-28 22:00,26460.0
2021-04-28 23:00,25110.0
2021-04-29 00:00,23480.0
2021-04-29 01:00,22520.0
2021-04-29 02:00,22500.0
2021-04-29 03:00,22820.0
2021-04-29 04:00,22930.0
2021-04-29 05:00,22660.0
2021-04-29 06:00,23000.0
2021-04-29 07:00,24530.0
2021-04-29 08:00,26800.0
2021-04-29 09:00,28280.0
2021-04-29 10:00,28940.0
2021-04-29 11:00,29360.0
2021-04-29 12:00,28770.0
2021-04-29 13:00,29060.0
2021-04-29 14:00,28660.0
2021-04-29 15:00,28500.0
2021-04-29 16:00,28790.0
2021-04-29 17:00,29500.0
2021-04-29 18:00,30400.0
2021-04-29 19:00,29720.0
2021-04-29 20:00,28410.0
2021-04-29 21:00,27120.0
2021-04-29 22:00,25740.0
2021-04-29 23:00,24500.0
2021-04-30 00:00,22840.0
2021-04-30 01:00,21890.0
2021-04-30 02:00,22030.0
2021-04-30 03:00,22350.0
2021-04-30 04:00,22570.0
2021-04-30 05:00,22570.0
2021-04-30 06:00,22900.0
2021-04-30 07:00,23990.0
2021-04-30 08:00,26540.0
2021-04-30 09:00,28820.0
2021-04-30 10:00,29860.0
2021-04-30 11:00,30320.0
2021-04-30 12:00,29760.0
2021-04-30 13:00,30130.0
2021-04-30 14:00,29750.0
2021-04-30 15:00,29410.0
2021-04-30 16:00,29530.0
2021-04-30 17:00,29060.0
2021-04-30 18:00,29530.0
2021-04-30 19:00,29180.0
2021-04-30 20:00,27750.0
2021-04-30 21:00,26110.0
2021-04-30 22:00,24600.0
2021-04-30 23:00,23430.0
2021-05-01 00:00,21640.0
2021-05-01 01:00,20650.0
2021-05-01 02:00,20640.0
2021-05-01 03:00,21020.0
2021-05-01 04:00,21140.0
2021-05-01 05:00,20640.0
2021-05-01 06:00,20300.0
2021-05-01 07:00,21270.0
2021-05-01 08:00,23340.0
2021-05-01 09:00,24920.0
2021-05-01 10:00,26190.0
2021-05-01 11:00,26670.0
2021-05-01 12:00,25700.0
2021-05-01 13:00,24650.0
2021-05-01 14:00,25380.0
2021-05-01 15:00,25620.0
2021-05-01 16:00,25080.0
2021-05-01 17:00,25960.0
2021-05-01 18:00,27370.0
2021-05-01 19:00,27170.0
2021-05-01 20:00,25920.0
2021-05-01 21:00,24620.0
2021-05-01 22:00,23300.0
2021-05-01 23:00,22350.0
2021-05-02 00:00,20880.0
2021-05-02 01:00,19960.0
2021-05-02 02:00,20040.0
2021-05-02 03:00,20370.0
2021-05-02 04:00,20420.0
2021-05-02 05:00,19910.0
2021-05-02 06:00,19570.0
2021-05-02 07:00,20130.0
2021-05-02 08:00,21700.0
2021-05-02 09:00,23110.0
2021-05-02 10:00,24040.0
2021-05-02 11:00,24340.0
2021-05-02 12:00,24740.0
2021-05-02 13:00,24150.0
2021-05-02 14:00,23180.0
2021-05-02 15:00,23490.0
2021-05-02 16:00,23580.0
2021-05-02 17:00,24840.0
2021-05-02 18:00,26500.0
2021-05-02 19:00,26730.0
2021-05-02 20:00,25690.0
2021-05-02 21:00,24510.0
2021-05-02 22:00,23260.0
2021-05-02 23:00,22300.0
2021-05-03 00:00,20840.0
2021-05-03 01:00,20090.0
2021-05-03 02:00,20220.0
2021-05-03 03:00,20630.0
2021-05-03 04:00,20830.0
2021-05-03 05:00,20490.0
2021-05-03 06:00,20140.0
2021-05-03 07:00,20520.0
2021-05-03 08:00,22370.0
2021-05-03 09:00,23930.0
2021-05-03 10:00,24740.0
2021-05-03 11:00,25430.0
2021-05-03 12:00,25320.0
2021-05-03 13:00,24830.0
2021-05-03 14:00,24290.0
2021-05-03 15:00,23710.0
2021-05-03 16:00,24200.0
2021-05-03 17:00,25140.0
2021-05-03 18:00,26620.0
2021-05-03 19:00,27030.0
2021-05-03 20:00,25940.0
2021-05-03 21:00,24710.0
2021-05-03 22:00,23380.0
2021-05-03 23:00,22330.0
2021-05-04 00:00,20920.0
2021-05-04 01:00,20110.0
2021-05-04 02:00,20310.0
2021-05-04 03:00,20770.0
2021-05-04 04:00,20900.0
2021-05-04 05:00,20400.0
2021-05-04 06:00,20160.0
2021-05-04 07:00,20810.0
2021-05-04 08:00,22380.0
2021-05-04 09:00,23910.0
2021-05-04 10:00,24750.0
2021-05-04 11:00,25190.0
2021-05-04 12:00,25390.0
2021-05-04 13:00,25030.0
2021-05-04 14:00,24580.0
2021-05-04 15:00,24390.0
2021-05-04 16:00,24660.0
2021-05-04 17:00,25230.0
2021-05-04 18:00,26570.0
2021-05-04 19:00,26760.0
2021-05-04 20:00,25640.0
2021-05-04 21:00,24320.0
2021-05-04 22:00,23100.0
2021-05-04 23:00,22170.0
2021-05-05 00:00,20760.0
2021-05-05 01:00,19970.0
2021-05-05 02:00,20050.0
2021-05-05 03:00,20460.0
2021-05-05 04:00,20630.0
2021-05-05 05:00,19830.0
2021-05-05 06:00,19550.0
2021-05-05 07:00,20730.0
2021-05-05 08:00,22800.0
2021-05-05 09:00,24360.0
2021-05-05 10:00,24670.0
2021-05-05 11:00,25520.0
2021-05-05 12:00,25210.0
2021-05-05 13:00,24950.0
2021-05-05 14:00,24760.0
2021-05-05 15:00,24810.0
2021-05-05 16:00,25420.0
2021-05-05 17:00,26830.0
2021-05-05 18:00,27850.0
2021-05-05 19:00,27390.0
2021-05-05 20:00,26320.0
2021-05-05 21:00,24960.0
2021-05-05 22:00,23680.0
2021-05-05 23:00,22440.0
2021-05-06 00:00,21030.0
2021-05-06 01:00,20230.0
2021-05-06 02:00,20460.0
2021-05-06 03:00,20890.0
2021-05-06 04:00,21150.0
2021-05-06 05:00,21430.0
2021-05-06 06:00,22340.0
2021-05-06 07:00,24220.0
2021-05-06 08:00,26630.0
2021-05-06 09:00,28410.0
2021-05-06 10:00,29140.0
2021-05-06 11:00,30080.0
2021-05-06 12:00,29720.0
2021-05-06 13:00,30330.0
2021-05-06 14:00,30170.0
2021-05-06 15:00,29840.0
2021-05-06 16:00,29980.0
2021-05-06 17:00,29620.0
2021-05-06 18:00,30020.0
2021-05-06 19:00,29640.0
2021-05-06 20:00,27920.0
2021-05-06 21:00,26420.0
2021-05-06 22:00,25310.0
2021-05-06 23:00,24040.0
2021-05-07 00:00,22400.0
2021-05-07 01:00,21440.0
2021-05-07 02:00,21460.0
2021-05-07 03:00,21900.0
2021-05-07 04:00,22140.0
2021-05-07 05:00,22040.0
2021-05-07 06:00,22510.0
2021-05-07 07:00,24180.0
2021-05-07 08:00,27560.0
2021-05-07 09:00,29670.0
2021-05-07 10:00,30060.0
2021-05-07 11:00,30580.0
2021-05-07 12:00,29580.0
2021-05-07 13:00,30820.0
2021-05-07 14:00,30810.0
2021-05-07 15:00,30470.0
2021-05-07 16:00,30560.0
2021-05-07 17:00,30460.0
2021-05-07 18:00,30770.0
2021-05-07 19:00,29940.0
2021-05-07 20:00,28300.0
2021-05-07 21:00,26700.0
2021-05-07 22:00,25680.0
2021-05-07 23:00,24420.0
2021-05-08 00:00,22760.0
2021-05-08 01:00,21720.0
2021-05-08 02:00,21710.0
2021-05-08 03:00,22020.0
2021-05-08 04:00,22140.0
2021-05-08 05:00,21620.0
2021-05-08 06:00,21420.0
2021-05-08 07:00,22390.0
2021-05-08 08:00,24430.0
2021-05-08 09:00,26750.0
2021-05-08 10:00,28190.0
2021-05-08 11:00,28700.0
2021-05-08 12:00,28010.0
2021-05-08 13:00,27810.0
2021-05-08 14:00,27020.0
2021-05-08 15:00,26510.0
2021-05-08 16:00,26630.0
2021-05-08 17:00,27280.0
2021-05-08 18:00,28470.0
2021-05-08 19:00,28050.0
2021-05-08 20:00,26690.0
2021-05-08 21:00,25260.0
2021-05-08 22:00,24370.0
2021-05-08 23:00,23510.0
2021-05-09 00:00,21970.0
2021-05-09 01:00,21060.0
2021-05-09 02:00,21120.0
2021-05-09 03:00,21370.0
2021-05-09 04:00,21380.0
2021-05-09 05:00,20840.0
2021-05-09 06:00,20310.0
2021-05-09 07:00,21160.0
2021-05-09 08:00,22700.0
2021-05-09 09:00,25110.0
2021-05-09 10:00,26940.0
2021-05-09 11:00,27410.0
2021-05-09 12:00,27440.0
2021-05-09 13:00,27430.0
2021-05-09 14:00,26880.0
2021-05-09 15:00,26770.0
2021-05-09 16:00,26820.0
2021-05-09 17:00,27200.0
2021-05-09 18:00,28170.0
2021-05-09 19:00,28090.0
2021-05-09 20:00,26860.0
2021-05-09 21:00,25480.0
2021-05-09 22:00,24140.0
2021-05-09 23:00,23170.0
2021-05-10 00:00,21760.0
2021-05-10 01:00,20830.0
2021-05-10 02:00,20910.0
2021-05-10 03:00,21480.0
2021-05-10 04:00,21870.0
2021-05-10 05:00,21930.0
2021-05-10 06:00,22690.0
2021-05-10 07:00,24490.0
2021-05-10 08:00,27690.0
2021-05-10 09:00,30740.0
2021-05-10 10:00,32250.0
2021-05-10 11:00,32960.0
2021-05-10 12:00,32060.0
2021-05-10 13:00,33080.0
2021-05-10 14:00,33590.0
2021-05-10 15:00,33010.0
2021-05-10 16:00,32890.0
2021-05-10 17:00,31960.0
2021-05-10 18:00,31990.0
2021-05-10 19:00,31150.0
2021-05-10 20:00,29530.0
2021-05-10 21:00,27900.0
2021-05-10 22:00,26760.0
2021-05-10 23:00,25490.0
2021-05-11 00:00,23680.0
2021-05-11 01:00,22570.0
2021-05-11 02:00,22530.0
2021-05-11 03:00,22980.0
2021-05-11 04:00,23170.0
2021-05-11 05:00,23090.0
2021-05-11 06:00,24390.0
2021-05-11 07:00,26710.0
2021-05-11 08:00,30240.0
2021-05-11 09:00,32040.0
2021-05-11 10:00,32160.0
2021-05-11 11:00,32180.0
2021-05-11 12:00,30650.0
2021-05-11 13:00,31650.0
2021-05-11 14:00,31740.0
2021-05-11 15:00,31800.0
2021-05-11 16:00,31820.0
2021-05-11 17:00,31320.0
2021-05-11 18:00,31830.0
2021-05-11 19:00,31120.0
2021-05-11 20:00,29580.0
2021-05-11 21:00,27840.0
2021-05-11 22:00,26840.0
2021-05-11 23:00,25480.0
2021-05-12 00:00,23640.0
2021-05-12 01:00,22680.0
2021-05-12 02:00,22690.0
2021-05-12 03:00,23110.0
2021-05-12 04:00,23320.0
2021-05-12 05:00,23080.0
2021-05-12 06:00,23810.0
2021-05-12 07:00,25650.0
2021-05-12 08:00,28710.0
2021-05-12 09:00,31230.0
2021-05-12 10:00,32200.0
2021-05-12 11:00,32050.0
2021-05-12 12:00,31080.0
2021-05-12 13:00,32110.0
2021-05-12 14:00,31980.0
2021-05-12 15:00,31220.0
2021-05-12 16:00,31260.0
2021-05-12 17:00,31270.0
2021-05-12 18:00,31970.0
2021-05-12 19:00,31210.0
2021-05-12 20:00,29600.0
2021-05-12 21:00,28020.0
2021-05-12 22:00,26990.0
2021-05-12 23:00,25620.0
2021-05-13 00:00,23790.0
2021-05-13 01:00,22740.0
2021-05-13 02:00,22720.0
2021-05-13 03:00,23160.0
2021-05-13 04:00,23480.0
2021-05-13 05:00,23890.0
2021-05-13 06:00,25250.0
2021-05-13 07:00,27480.0
2021-05-13 08:00,30730.0
2021-05-13 09:00,32590.0
2021-05-13 10:00,33020.0
2021-05-13 11:00,32930.0
2021-05-13 12:00,31700.0
2021-05-13 13:00,32500.0
2021-05-13 14:00,32690.0
2021-05-13 15:00,32750.0
2021-05-13 16:00,32960.0
2021-05-13 17:00,32610.0
2021-05-13 18:00,32850.0
2021-05-13 19:00,31980.0
2021-05-13 20:00,30130.0
2021-05-13 21:00,28490.0
2021-05-13 22:00,27300.0
2021-05-13 23:00,25860.0
2021-05-14 00:00,24120.0
2021-05-14 01:00,23020.0
2021-05-14 02:00,22940.0
2021-05-14 03:00,23370.0
2021-05-14 04:00,23590.0
2021-05-14 05:00,23460.0
2021-05-14 06:00,24310.0
2021-05-14 07:00,26400.0
2021-05-14 08:00,30060.0
2021-05-14 09:00,31900.0
2021-05-14 10:00,33030.0
2021-05-14 11:00,33580.0
2021-05-14 12:00,33160.0
2021-05-14 13:00,34690.0
2021-05-14 14:00,34810.0
2021-05-14 15:00,34580.0
2021-05-14 16:00,34000.0
2021-05-14 17:00,32480.0
2021-05-14 18:00,32310.0
2021-05-14 19:00,31670.0
2021-05-14 20:00,29820.0
2021-05-14 21:00,28080.0
2021-05-14 22:00,27080.0
2021-05-14 23:00,25850.0
2021-05-15 00:00,24080.0
2021-05-15 01:00,22850.0
2021-05-15 02:00,22660.0
2021-05-15 03:00,22970.0
2021-05-15 04:00,22890.0
2021-05-15 05:00,22160.0
2021-05-15 06:00,22330.0
2021-05-15 07:00,23660.0
2021-05-15 08:00,25660.0
2021-05-15 09:00,27400.0
2021-05-15 10:00,28740.0
2021-05-15 11:00,29320.0
2021-05-15 12:00,28730.0
2021-05-15 13:00,28880.0
2021-05-15 14:00,28720.0
2021-05-15 15:00,28520.0
2021-05-15 16:00,28140.0
2021-05-15 17:00,28090.0
2021-05-15 18:00,28860.0
2021-05-15 19:00,28800.0
2021-05-15 20:00,27370.0
2021-05-15 21:00,25820.0
2021-05-15 22:00,24930.0
2021-05-15 23:00,24080.0
2021-05-16 00:00,22470.0
2021-05-16 01:00,21470.0
2021-05-16 02:00,21410.0
2021-05-16 03:00,21720.0
2021-05-16 04:00,21700.0
2021-05-16 05:00,20690.0
2021-05-16 06:00,20310.0
2021-05-16 07:00,21540.0
2021-05-16 08:00,23370.0
2021-05-16 09:00,25230.0
2021-05-16 10:00,25990.0
2021-05-16 11:00,26170.0
2021-05-16 12:00,26400.0
2021-05-16 13:00,26240.0
2021-05-16 14:00,26040.0
2021-05-16 15:00,26210.0
2021-05-16 16:00,27060.0
2021-05-16 17:00,28260.0
2021-05-16 18:00,29300.0
2021-05-16 19:00,28930.0
2021-05-16 20:00,27640.0
2021-05-16 21:00,26270.0
2021-05-16 22:00,24840.0
2021-05-16 23:00,23810.0
2021-05-17 00:00,22390.0
2021-05-17 01:00,21480.0
2021-05-17 02:00,21510.0
2021-05-17 03:00,22010.0
2021-05-17 04:00,22350.0
2021-05-17 05:00,22850.0
2021-05-17 06:00,24560.0
2021-05-17 07:00,27350.0
2021-05-17 08:00,30870.0
2021-05-17 09:00,33670.0
2021-05-17 10:00,34760.0
2021-05-17 11:00,35180.0
2021-05-17 12:00,33620.0
2021-05-17 13:00,35320.0
2021-05-17 14:00,35050.0
2021-05-17 15:00,34690.0
2021-05-17 16:00,35140.0
2021-05-17 17:00,34670.0
2021-05-17 18:00,34560.0
2021-05-17 19:00,33410.0
2021-05-17 20:00,31400.0
2021-05-17 21:00,29620.0
2021-05-17 22:00,28320.0
2021-05-17 23:00,27010.0
2021-05-18 00:00,25070.0
2021-05-18 01:00,23800.0
2021-05-18 02:00,23720.0
2021-05-18 03:00,23980.0
2021-05-18 04:00,24130.0
2021-05-18 05:00,24250.0
2021-05-18 06:00,25930.0
2021-05-18 07:00,28700.0
2021-05-18 08:00,32400.0
2021-05-18 09:00,34740.0
2021-05-18 10:00,34940.0
2021-05-18 11:00,35160.0
2021-05-18 12:00,34150.0
2021-05-18 13:00,35140.0
2021-05-18 14:00,35010.0
2021-05-18 15:00,34980.0
2021-05-18 16:00,35000.0
2021-05-18 17:00,34290.0
2021-05-18 18:00,33850.0
2021-05-18 19:00,32400.0
2021-05-18 20:00,30460.0
2021-05-18 21:00,28600.0
2021-05-18 22:00,27410.0
2021-05-18 23:00,26110.0
2021-05-19 00:00,24260.0
2021-05-19 01:00,23150.0
2021-05-19 02:00,23040.0
2021-05-19 03:00,23370.0
2021-05-19 04:00,23530.0
2021-05-19 05:00,23650.0
2021-05-19 06:00,24920.0
2021-05-19 07:00,27670.0
2021-05-19 08:00,31290.0
2021-05-19 09:00,33470.0
2021-05-19 10:00,34060.0
2021-05-19 11:00,34400.0
2021-05-19 12:00,33100.0
2021-05-19 13:00,34040.0
2021-05-19 14:00,33820.0
2021-05-19 15:00,33410.0
2021-05-19 16:00,33120.0
2021-05-19 17:00,32650.0
2021-05-19 18:00,32870.0
2021-05-19 19:00,31990.0
2021-05-19 20:00,30240.0
2021-05-19 21:00,28490.0
2021-05-19 22:00,27350.0
2021-05-19 23:00,25990.0
2021-05-20 00:00,24270.0
2021-05-20 01:00,23180.0
2021-05-20 02:00,23060.0
2021-05-20 03:00,23380.0
2021-05-20 04:00,23560.0
2021-05-20 05:00,23150.0
2021-05-20 06:00,24030.0
2021-05-20 07:00,26780.0
2021-05-20 08:00,29850.0
2021-05-20 09:00,32240.0
2021-05-20 10:00,33200.0
2021-05-20 11:00,33760.0
2021-05-20 12:00,32590.0
2021-05-20 13:00,33700.0
2021-05-20 14:00,34530.0
2021-05-20 15:00,33710.0
2021-05-20 16:00,33520.0
2021-05-20 17:00,33230.0
2021-05-20 18:00,33450.0
2021-05-20 19:00,32330.0
2021-05-20 20:00,30530.0
2021-05-20 21:00,28710.0
2021-05-20 22:00,27490.0
2021-05-20 23:00,26190.0
2021-05-21 00:00,24340.0
2021-05-21 01:00,23210.0
2021-05-21 02:00,23100.0
2021-05-21 03:00,23450.0
2021-05-21 04:00,23680.0
2021-05-21 05:00,24170.0
2021-05-21 06:00,25610.0
2021-05-21 07:00,28290.0
2021-05-21 08:00,32360.0
2021-05-21 09:00,35140.0
2021-05-21 10:00,35170.0
2021-05-21 11:00,35280.0
2021-05-21 12:00,33910.0
2021-05-21 13:00,35300.0
2021-05-21 14:00,35180.0
2021-05-21 15:00,35390.0
2021-05-21 16:00,35080.0
2021-05-21 17:00,34560.0
2021-05-21 18:00,34180.0
2021-05-21 19:00,32880.0
2021-05-21 20:00,30840.0
2021-05-21 21:00,28880.0
2021-05-21 22:00,27830.0
2021-05-21 23:00,26490.0
2021-05-22 00:00,24640.0
2021-05-22 01:00,23380.0
2021-05-22 02:00,23190.0
2021-05-22 03:00,23350.0
2021-05-22 04:00,23260.0
2021-05-22 05:00,23110.0
2021-05-22 06:00,23520.0
2021-05-22 07:00,24610.0
2021-05-22 08:00,26200.0
2021-05-22 09:00,27850.0
2021-05-22 10:00,28590.0
2021-05-22 11:00,28820.0
2021-05-22 12:00,28730.0
2021-05-22 13:00,28470.0
2021-05-22 14:00,28400.0
2021-05-22 15:00,27880.0
2021-05-22 16:00,28040.0
2021-05-22 17:00,28410.0
2021-05-22 18:00,29180.0
2021-05-22 19:00,28930.0
2021-05-22 20:00,27480.0
2021-05-22 21:00,25910.0
2021-05-22 22:00,24980.0
2021-05-22 23:00,24070.0
2021-05-23 00:00,22450.0
2021-05-23 01:00,21480.0
2021-05-23 02:00,21430.0
2021-05-23 03:00,21830.0
2021-05-23 04:00,21860.0
2021-05-23 05:00,21430.0
2021-05-23 06:00,21210.0
2021-05-23 07:00,22140.0
2021-05-23 08:00,24030.0
2021-05-23 09:00,25410.0
2021-05-23 10:00,26160.0
2021-05-23 11:00,27210.0
2021-05-23 12:00,27260.0
2021-05-23 13:00,27300.0
2021-05-23 14:00,27310.0
2021-05-23 15:00,26920.0
2021-05-23 16:00,26840.0
2021-05-23 17:00,27570.0
2021-05-23 18:00,28520.0
2021-05-23 19:00,28910.0
2021-05-23 20:00,27610.0
2021-05-23 21:00,26050.0
2021-05-23 22:00,24740.0
2021-05-23 23:00,23780.0
2021-05-24 00:00,22210.0
2021-05-24 01:00,21340.0
2021-05-24 02:00,21330.0
2021-05-24 03:00,21790.0
2021-05-24 04:00,22020.0
2021-05-24 05:00,21820.0
2021-05-24 06:00,22850.0
2021-05-24 07:00,25490.0
2021-05-24 08:00,29300.0
2021-05-24 09:00,32580.0
2021-05-24 10:00,34240.0
2021-05-24 11:00,35390.0
2021-05-24 12:00,34780.0
2021-05-24 13:00,35400.0
2021-05-24 14:00,35230.0
2021-05-24 15:00,34730.0
2021-05-24 16:00,34280.0
2021-05-24 17:00,33740.0
2021-05-24 18:00,33660.0
2021-05-24 19:00,32600.0
2021-05-24 20:00,30510.0
2021-05-24 21:00,28640.0
2021-05-24 22:00,27370.0
2021-05-24 23:00,26020.0
2021-05-25 00:00,24160.0
2021-05-25 01:00,23020.0
2021-05-25 02:00,22960.0
2021-05-25 03:00,23310.0
2021-05-25 04:00,23430.0
2021-05-25 05:00,23250.0
2021-05-25 06:00,24320.0
2021-05-25 07:00,26670.0
2021-05-25 08:00,30480.0
2021-05-25 09:00,34040.0
2021-05-25 10:00,35770.0
2021-05-25 11:00,36680.0
2021-05-25 12:00,36020.0
2021-05-25 13:00,37260.0
2021-05-25 14:00,37370.0
2021-05-25 15:00,36170.0
2021-05-25 16:00,34960.0
2021-05-25 17:00,33630.0
2021-05-25 18:00,33360.0
2021-05-25 19:00,32780.0
2021-05-25 20:00,30780.0
2021-05-25 21:00,28880.0
2021-05-25 22:00,27770.0
2021-05-25 23:00,26360.0
2021-05-26 00:00,24360.0
2021-05-26 01:00,23140.0
2021-05-26 02:00,23030.0
2021-05-26 03:00,23360.0
2021-05-26 04:00,23480.0
2021-05-26 05:00,23360.0
2021-05-26 06:00,24020.0
2021-05-26 07:00,26270.0
2021-05-26 08:00,30050.0
2021-05-26 09:00,33000.0
2021-05-26 10:00,33920.0
2021-05-26 11:00,34650.0
2021-05-26 12:00,33260.0
2021-05-26 13:00,34790.0
2021-05-26 14:00,34780.0
2021-05-26 15:00,33600.0
2021-05-26 16:00,33900.0
2021-05-26 17:00,32990.0
2021-05-26 18:00,32750.0
2021-05-26 19:00,32110.0
2021-05-26 20:00,30160.0
2021-05-26 21:00,28420.0
2021-05-26 22:00,27240.0
2021-05-26 23:00,25960.0
2021-05-27 00:00,24140.0
2021-05-27 01:00,23010.0
2021-05-27 02:00,22910.0
2021-05-27 03:00,23280.0
2021-05-27 04:00,23530.0
2021-05-27 05:00,23810.0
2021-05-27 06:00,25110.0
2021-05-27 07:00,27370.0
2021-05-27 08:00,30930.0
2021-05-27 09:00,33630.0
2021-05-27 10:00,33840.0
2021-05-27 11:00,34530.0
2021-05-27 12:00,33260.0
2021-05-27 13:00,34220.0
2021-05-27 14:00,34300.0
2021-05-27 15:00,33940.0
2021-05-27 16:00,33730.0
2021-05-27 17:00,33030.0
2021-05-27 18:00,32780.0
2021-05-27 19:00,31870.0
2021-05-27 20:00,30040.0
2021-05-27 21:00,28340.0
2021-05-27 22:00,27090.0
2021-05-27 23:00,25750.0
2021-05-28 00:00,24030.0
2021-05-28 01:00,22880.0
2021-05-28 02:00,22820.0
2021-05-28 03:00,23310.0
2021-05-28 04:00,23450.0
2021-05-28 05:00,23230.0
2021-05-28 06:00,23840.0
2021-05-28 07:00,25930.0
2021-05-28 08:00,29340.0
2021-05-28 09:00,32510.0
2021-05-28 10:00,34030.0
2021-05-28 11:00,34860.0
2021-05-28 12:00,33560.0
2021-05-28 13:00,33810.0
2021-05-28 14:00,32900.0
2021-05-28 15:00,33190.0
2021-05-28 16:00,32440.0
2021-05-28 17:00,31780.0
2021-05-28 18:00,32010.0
2021-05-28 19:00,31560.0
2021-05-28 20:00,29740.0
2021-05-28 21:00,28050.0
2021-05-28 22:00,27000.0
2021-05-28 23:00,25790.0
2021-05-29 00:00,24010.0
2021-05-29 01:00,22920.0
2021-05-29 02:00,22730.0
2021-05-29 03:00,23010.0
2021-05-29 04:00,23020.0
2021-05-29 05:00,22460.0
2021-05-29 06:00,22370.0
2021-05-29 07:00,23300.0
2021-05-29 08:00,25180.0
2021-05-29 09:00,27370.0
2021-05-29 10:00,29110.0
2021-05-29 11:00,29390.0
2021-05-29 12:00,28830.0
2021-05-29 13:00,29130.0
2021-05-29 14:00,28940.0
2021-05-29 15:00,28620.0
2021-05-29 16:00,28710.0
2021-05-29 17:00,29010.0
2021-05-29 18:00,29380.0
2021-05-29 19:00,29560.0
2021-05-29 20:00,28030.0
2021-05-29 21:00,26360.0
2021-05-29 22:00,25380.0
2021-05-29 23:00,24350.0
2021-05-30 00:00,22740.0
2021-05-30 01:00,21740.0
2021-05-30 02:00,21570.0
2021-05-30 03:00,21920.0
2021-05-30 04:00,21910.0
2021-05-30 05:00,21320.0
2021-05-30 06:00,21130.0
2021-05-30 07:00,22150.0
2021-05-30 08:00,23980.0
2021-05-30 09:00,26140.0
2021-05-30 10:00,27470.0
2021-05-30 11:00,28320.0
2021-05-30 12:00,28880.0
2021-05-30 13:00,28470.0
2021-05-30 14:00,27920.0
2021-05-30 15:00,27710.0
2021-05-30 16:00,27700.0
2021-05-30 17:00,28310.0
2021-05-30 18:00,29060.0
2021-05-30 19:00,29030.0
2021-05-30 20:00,27690.0
2021-05-30 21:00,26100.0
2021-05-30 22:00,24740.0
2021-05-30 23:00,23660.0
2021-05-31 00:00,22170.0
2021-05-31 01:00,21210.0
2021-05-31 02:00,21240.0
2021-05-31 03:00,21730.0
2021-05-31 04:00,22030.0
2021-05-31 05:00,22030.0
2021-05-31 06:00,23020.0
2021-05-31 07:00,25460.0
2021-05-31 08:00,29570.0
2021-05-31 09:00,32580.0
2021-05-31 10:00,33680.0
2021-05-31 11:00,34370.0
2021-05-31 12:00,33490.0
2021-05-31 13:00,34520.0
2021-05-31 14:00,34590.0
2021-05-31 15:00,34270.0
2021-05-31 16:00,34290.0
2021-05-31 17:00,33330.0
2021-05-31 18:00,32750.0
2021-05-31 19:00,31960.0
2021-05-31 20:00,30140.0
2021-05-31 21:00,28470.0
2021-05-31 22:00,27270.0
2021-05-31 23:00,25980.0
2021-06-01 00:00,24230.0
2021-06-01 01:00,23040.0
2021-06-01 02:00,22910.0
2021-06-01 03:00,23230.0
2021-06-01 04:00,23370.0
2021-06-01 05:00,23330.0
2021-06-01 06:00,24340.0
2021-06-01 07:00,26710.0
2021-06-01 08:00,30380.0
2021-06-01 09:00,33400.0
2021-06-01 10:00,34740.0
2021-06-01 11:00,35550.0
2021-06-01 12:00,34580.0
2021-06-01 13:00,35500.0
2021-06-01 14:00,35430.0
2021-06-01 15:00,34940.0
2021-06-01 16:00,34650.0
2021-06-01 17:00,33480.0
2021-06-01 18:00,33020.0
2021-06-01 19:00,32270.0
2021-06-01 20:00,30410.0
2021-06-01 21:00,28610.0
2021-06-01 22:00,27510.0
2021-06-01 23:00,26200.0
2021-06-02 00:00,24230.0
2021-06-02 01:00,23110.0
2021-06-02 02:00,22980.0
2021-06-02 03:00,23380.0
2021-06-02 04:00,23570.0
2021-06-02 05:00,23450.0
2021-06-02 06:00,24380.0
2021-06-02 07:00,26860.0
2021-06-02 08:00,30640.0
2021-06-02 09:00,33620.0
2021-06-02 10:00,34540.0
2021-06-02 11:00,34810.0
2021-06-02 12:00,34230.0
2021-06-02 13:00,35350.0
2021-06-02 14:00,35070.0
2021-06-02 15:00,34240.0
2021-06-02 16:00,34170.0
2021-06-02 17:00,33270.0
2021-06-02 18:00,32960.0
2021-06-02 19:00,32550.0
2021-06-02 20:00,30630.0
2021-06-02 21:00,28870.0
2021-06-02 22:00,27640.0
2021-06-02 23:00,26260.0
2021-06-03 00:00,24360.0
2021-06-03 01:00,23070.0
2021-06-03 02:00,22960.0
2021-06-03 03:00,23350.0
2021-06-03 04:00,23410.0
2021-06-03 05:00,23350.0
2021-06-03 06:00,24620.0
2021-06-03 07:00,27360.0
2021-06-03 08:00,31460.0
2021-06-03 09:00,35010.0
2021-06-03 10:00,36030.0
2021-06-03 11:00,36500.0
2021-06-03 12:00,35370.0
2021-06-03 13:00,36140.0
2021-06-03 14:00,36440.0
2021-06-03 15:00,35980.0
2021-06-03 16:00,34910.0
2021-06-03 17:00,33760.0
2021-06-03 18:00,33650.0
2021-06-03 19:00,32870.0
2021-06-03 20:00,30870.0
2021-06-03 21:00,29210.0
2021-06-03 22:00,28030.0
2021-06-03 23:00,26720.0
2021-06-04 00:00,24770.0
2021-06-04 01:00,23600.0
2021-06-04 02:00,23430.0
2021-06-04 03:00,23760.0
2021-06-04 04:00,24020.0
2021-06-04 05:00,24470.0
2021-06-04 06:00,26100.0
2021-06-04 07:00,28560.0
2021-06-04 08:00,32250.0
2021-06-04 09:00,35260.0
2021-06-04 10:00,36030.0
2021-06-04 11:00,36340.0
2021-06-04 12:00,35090.0
2021-06-04 13:00,36050.0
2021-06-04 14:00,35880.0
2021-06-04 15:00,35830.0
2021-06-04 16:00,35920.0
2021-06-04 17:00,35020.0
2021-06-04 18:00,34580.0
2021-06-04 19:00,33230.0
2021-06-04 20:00,31020.0
2021-06-04 21:00,29110.0
2021-06-04 22:00,27920.0
2021-06-04 23:00,26530.0
2021-06-05 00:00,24640.0
2021-06-05 01:00,23340.0
2021-06-05 02:00,23060.0
2021-06-05 03:00,23270.0
2021-06-05 04:00,23150.0
2021-06-05 05:00,22560.0
2021-06-05 06:00,22490.0
2021-06-05 07:00,23880.0
2021-06-05 08:00,26370.0
2021-06-05 09:00,28030.0
2021-06-05 10:00,28640.0
2021-06-05 11:00,29230.0
2021-06-05 12:00,29310.0
2021-06-05 13:00,29710.0
2021-06-05 14:00,29730.0
2021-06-05 15:00,28780.0
2021-06-05 16:00,28530.0
2021-06-05 17:00,28910.0
2021-06-05 18:00,29670.0
2021-06-05 19:00,29470.0
2021-06-05 20:00,27950.0
2021-06-05 21:00,26390.0
2021-06-05 22:00,25400.0
2021-06-05 23:00,24440.0
2021-06-06 00:00,22900.0
2021-06-06 01:00,21700.0
2021-06-06 02:00,21550.0
2021-06-06 03:00,21870.0
2021-06-06 04:00,21970.0
2021-06-06 05:00,21760.0
2021-06-06 06:00,21630.0
2021-06-06 07:00,22990.0
2021-06-06 08:00,24710.0
2021-06-06 09:00,26300.0
2021-06-06 10:00,27800.0
2021-06-06 11:00,27850.0
2021-06-06 12:00,27620.0
2021-06-06 13:00,26960.0
2021-06-06 14:00,27310.0
2021-06-06 15:00,27480.0
2021-06-06 16:00,28110.0
2021-06-06 17:00,28740.0
2021-06-06 18:00,29660.0
2021-06-06 19:00,29950.0
2021-06-06 20:00,28500.0
2021-06-06 21:00,26910.0
2021-06-06 22:00,25520.0
2021-06-06 23:00,24490.0
2021-06-07 00:00,22920.0
2021-06-07 01:00,21820.0
2021-06-07 02:00,21730.0
2021-06-07 03:00,22190.0
2021-06-07 04:00,22500.0
2021-06-07 05:00,22900.0
2021-06-07 06:00,24430.0
2021-06-07 07:00,27260.0
2021-06-07 08:00,31200.0
2021-06-07 09:00,33900.0
2021-06-07 10:00,33760.0
2021-06-07 11:00,34720.0
2021-06-07 12:00,34960.0
2021-06-07 13:00,37200.0
2021-06-07 14:00,37610.0
2021-06-07 15:00,37790.0
2021-06-07 16:00,36950.0
2021-06-07 17:00,35460.0
2021-06-07 18:00,34820.0
2021-06-07 19:00,34000.0
2021-06-07 20:00,31780.0
2021-06-07 21:00,29830.0
2021-06-07 22:00,28520.0
2021-06-07 23:00,27030.0
2021-06-08 00:00,24970.0
2021-06-08 01:00,23730.0
2021-06-08 02:00,23340.0
2021-06-08 03:00,23700.0
2021-06-08 04:00,23820.0
2021-06-08 05:00,23760.0
2021-06-08 06:00,25200.0
2021-06-08 07:00,28320.0
2021-06-08 08:00,33240.0
2021-06-08 09:00,37220.0
2021-06-08 10:00,39370.0
2021-06-08 11:00,40820.0
2021-06-08 12:00,40170.0
2021-06-08 13:00,41520.0
2021-06-08 14:00,41300.0
2021-06-08 15:00,39960.0
2021-06-08 16:00,38860.0
2021-06-08 17:00,37250.0
2021-06-08 18:00,36260.0
2021-06-08 19:00,34680.0
2021-06-08 20:00,32140.0
2021-06-08 21:00,30130.0
2021-06-08 22:00,28880.0
2021-06-08 23:00,27280.0
2021-06-09 00:00,25200.0
2021-06-09 01:00,23770.0
2021-06-09 02:00,23500.0
2021-06-09 03:00,23750.0
2021-06-09 04:00,23780.0
2021-06-09 05:00,23800.0
2021-06-09 06:00,24900.0
2021-06-09 07:00,27690.0
2021-06-09 08:00,32220.0
2021-06-09 09:00,36010.0
2021-06-09 10:00,37860.0
2021-06-09 11:00,38980.0
2021-06-09 12:00,38330.0
2021-06-09 13:00,39540.0
2021-06-09 14:00,39810.0
2021-06-09 15:00,39480.0
2021-06-09 16:00,39020.0
2021-06-09 17:00,37140.0
2021-06-09 18:00,35720.0
2021-06-09 19:00,34770.0
2021-06-09 20:00,32420.0
2021-06-09 21:00,30310.0
2021-06-09 22:00,28900.0
2021-06-09 23:00,27170.0
2021-06-10 00:00,25000.0
2021-06-10 01:00,23670.0
2021-06-10 02:00,23350.0
2021-06-10 03:00,23610.0
2021-06-10 04:00,23720.0
2021-06-10 05:00,23850.0
2021-06-10 06:00,25120.0
2021-06-10 07:00,27930.0
2021-06-10 08:00,32360.0
2021-06-10 09:00,36560.0
2021-06-10 10:00,38510.0
2021-06-10 11:00,39570.0
2021-06-10 12:00,38970.0
2021-06-10 13:00,40500.0
2021-06-10 14:00,40680.0
2021-06-10 15:00,40400.0
2021-06-10 16:00,40030.0
2021-06-10 17:00,38340.0
2021-06-10 18:00,36710.0
2021-06-10 19:00,35620.0
2021-06-10 20:00,33200.0
2021-06-10 21:00,30920.0
2021-06-10 22:00,29410.0
2021-06-10 23:00,27790.0
2021-06-11 00:00,25700.0
2021-06-11 01:00,24260.0
2021-06-11 02:00,23880.0
2021-06-11 03:00,24130.0
2021-06-11 04:00,24210.0
2021-06-11 05:00,24350.0
2021-06-11 06:00,25530.0
2021-06-11 07:00,28310.0
2021-06-11 08:00,33100.0
2021-06-11 09:00,36990.0
2021-06-11 10:00,38750.0
2021-06-11 11:00,39500.0
2021-06-11 12:00,38790.0
2021-06-11 13:00,39810.0
2021-06-11 14:00,39660.0
2021-06-11 15:00,38720.0
2021-06-11 16:00,37550.0
2021-06-11 17:00,35490.0
2021-06-11 18:00,34490.0
2021-06-11 19:00,33860.0
2021-06-11 20:00,31710.0
2021-06-11 21:00,29600.0
2021-06-11 22:00,28390.0
2021-06-11 23:00,26940.0
2021-06-12 00:00,24960.0
2021-06-12 01:00,23540.0
2021-06-12 02:00,23270.0
2021-06-12 03:00,23450.0
2021-06-12 04:00,23360.0
2021-06-12 05:00,22780.0
2021-06-12 06:00,22840.0
2021-06-12 07:00,24250.0
2021-06-12 08:00,26830.0
2021-06-12 09:00,28760.0
2021-06-12 10:00,29720.0
2021-06-12 11:00,31170.0
2021-06-12 12:00,31890.0
2021-06-12 13:00,31800.0
2021-06-12 14:00,31960.0
2021-06-12 15:00,31950.0
2021-06-12 16:00,31600.0
2021-06-12 17:00,31070.0
2021-06-12 18:00,31110.0
2021-06-12 19:00,31120.0
2021-06-12 20:00,29470.0
2021-06-12 21:00,27700.0
2021-06-12 22:00,26620.0
2021-06-12 23:00,25490.0
2021-06-13 00:00,23720.0
2021-06-13 01:00,22440.0
2021-06-13 02:00,22160.0
2021-06-13 03:00,22390.0
2021-06-13 04:00,22320.0
2021-06-13 05:00,21730.0
2021-06-13 06:00,21790.0
2021-06-13 07:00,23330.0
2021-06-13 08:00,25760.0
2021-06-13 09:00,28450.0
2021-06-13 10:00,29830.0
2021-06-13 11:00,30760.0
2021-06-13 12:00,30880.0
2021-06-13 13:00,30100.0
2021-06-13 14:00,29500.0
2021-06-13 15:00,29170.0
2021-06-13 16:00,29550.0
2021-06-13 17:00,30340.0
2021-06-13 18:00,31190.0
2021-06-13 19:00,31240.0
2021-06-13 20:00,29840.0
2021-06-13 21:00,28210.0
2021-06-13 22:00,26680.0
2021-06-13 23:00,25420.0
2021-06-14 00:00,23740.0
2021-06-14 01:00,22420.0
2021-06-14 02:00,22240.0
2021-06-14 03:00,22610.0
2021-06-14 04:00,23020.0
2021-06-14 05:00,23460.0
2021-06-14 06:00,25000.0
2021-06-14 07:00,27890.0
2021-06-14 08:00,32300.0
2021-06-14 09:00,35580.0
2021-06-14 10:00,36330.0
2021-06-14 11:00,37270.0
2021-06-14 12:00,36350.0
2021-06-14 13:00,37400.0
2021-06-14 14:00,37400.0
2021-06-14 15:00,36810.0
2021-06-14 16:00,36570.0
2021-06-14 17:00,35540.0
2021-06-14 18:00,34930.0
2021-06-14 19:00,33870.0
2021-06-14 20:00,31820.0
2021-06-14 21:00,29910.0
2021-06-14 22:00,28700.0
2021-06-14 23:00,27260.0
2021-06-15 00:00,25260.0
2021-06-15 01:00,23900.0
2021-06-15 02:00,23580.0
2021-06-15 03:00,23950.0
2021-06-15 04:00,24090.0
2021-06-15 05:00,24240.0
2021-06-15 06:00,25510.0
2021-06-15 07:00,28560.0
2021-06-15 08:00,33230.0
2021-06-15 09:00,37010.0
2021-06-15 10:00,38700.0
2021-06-15 11:00,39970.0
2021-06-15 12:00,39670.0
2021-06-15 13:00,40520.0
2021-06-15 14:00,40270.0
2021-06-15 15:00,40040.0
2021-06-15 16:00,39160.0
2021-06-15 17:00,37240.0
2021-06-15 18:00,36220.0
2021-06-15 19:00,34920.0
2021-06-15 20:00,32810.0
2021-06-15 21:00,30840.0
2021-06-15 22:00,29610.0
2021-06-15 23:00,28030.0
2021-06-16 00:00,25900.0
2021-06-16 01:00,24470.0
2021-06-16 02:00,24060.0
2021-06-16 03:00,24250.0
2021-06-16 04:00,24470.0
2021-06-16 05:00,24590.0
2021-06-16 06:00,25870.0
2021-06-16 07:00,28750.0
2021-06-16 08:00,32810.0
2021-06-16 09:00,35980.0
2021-06-16 10:00,37170.0
2021-06-16 11:00,37660.0
2021-06-16 12:00,36370.0
2021-06-16 13:00,37600.0
2021-06-16 14:00,37750.0
2021-06-16 15:00,36930.0
2021-06-16 16:00,36410.0
2021-06-16 17:00,35080.0
2021-06-16 18:00,34610.0
2021-06-16 19:00,33730.0
2021-06-16 20:00,31680.0
2021-06-16 21:00,29830.0
2021-06-16 22:00,28600.0
2021-06-16 23:00,27190.0
2021-06-17 00:00,25200.0
2021-06-17 01:00,23810.0
2021-06-17 02:00,23530.0
2021-06-17 03:00,23840.0
2021-06-17 04:00,24070.0
2021-06-17 05:00,24360.0
2021-06-17 06:00,25480.0
2021-06-17 07:00,28090.0
2021-06-17 08:00,31810.0
2021-06-17 09:00,34960.0
2021-06-17 10:00,36280.0
2021-06-17 11:00,36980.0
2021-06-17 12:00,36350.0
2021-06-17 13:00,37240.0
2021-06-17 14:00,37440.0
2021-06-17 15:00,36870.0
2021-06-17 16:00,36370.0
2021-06-17 17:00,34980.0
2021-06-17 18:00,34120.0
2021-06-17 19:00,33370.0
2021-06-17 20:00,31320.0
2021-06-17 21:00,29490.0
2021-06-17 22:00,28190.0
2021-06-17 23:00,26800.0
2021-06-18 00:00,24710.0
2021-06-18 01:00,23400.0
2021-06-18 02:00,23110.0
2021-06-18 03:00,23430.0
2021-06-18 04:00,23680.0
2021-06-18 05:00,23690.0
2021-06-18 06:00,24640.0
2021-06-18 07:00,27190.0
2021-06-18 08:00,31350.0
2021-06-18 09:00,35230.0
2021-06-18 10:00,36810.0
2021-06-18 11:00,37640.0
2021-06-18 12:00,36910.0
2021-06-18 13:00,38390.0
2021-06-18 14:00,38340.0
2021-06-18 15:00,37580.0
2021-06-18 16:00,36760.0
2021-06-18 17:00,34950.0
2021-06-18 18:00,34580.0
2021-06-18 19:00,33820.0
2021-06-18 20:00,31850.0
2021-06-18 21:00,29920.0
2021-06-18 22:00,28850.0
2021-06-18 23:00,27490.0
2021-06-19 00:00,25430.0
2021-06-19 01:00,24040.0
2021-06-19 02:00,23570.0
2021-06-19 03:00,23720.0
2021-06-19 04:00,23780.0
2021-06-19 05:00,23560.0
2021-06-19 06:00,23930.0
2021-06-19 07:00,25230.0
2021-06-19 08:00,27350.0
2021-06-19 09:00,29270.0
2021-06-19 10:00,30080.0
2021-06-19 11:00,30330.0
2021-06-19 12:00,30190.0
2021-06-19 13:00,29990.0
2021-06-19 14:00,29750.0
2021-06-19 15:00,29480.0
2021-06-19 16:00,29430.0
2021-06-19 17:00,29600.0
2021-06-19 18:00,29980.0
2021-06-19 19:00,29830.0
2021-06-19 20:00,28380.0
2021-06-19 21:00,26770.0
2021-06-19 22:00,25810.0
2021-06-19 23:00,24850.0
2021-06-20 00:00,23270.0
2021-06-20 01:00,22150.0
2021-06-20 02:00,21880.0
2021-06-20 03:00,22160.0
2021-06-20 04:00,22250.0
2021-06-20 05:00,22020.0
2021-06-20 06:00,21860.0
2021-06-20 07:00,22880.0
2021-06-20 08:00,25080.0
2021-06-20 09:00,26590.0
2021-06-20 10:00,27390.0
2021-06-20 11:00,28250.0
2021-06-20 12:00,29020.0
2021-06-20 13:00,29570.0
2021-06-20 14:00,29880.0
2021-06-20 15:00,29320.0
2021-06-20 16:00,29390.0
2021-06-20 17:00,29910.0
2021-06-20 18:00,30910.0
2021-06-20 19:00,31080.0
2021-06-20 20:00,29660.0
2021-06-20 21:00,28050.0
2021-06-20 22:00,26640.0
2021-06-20 23:00,25240.0
2021-06-21 00:00,23470.0
2021-06-21 01:00,22130.0
2021-06-21 02:00,21880.0
2021-06-21 03:00,22310.0
2021-06-21 04:00,22550.0
2021-06-21 05:00,22720.0
2021-06-21 06:00,24180.0
2021-06-21 07:00,27020.0
2021-06-21 08:00,31370.0
2021-06-21 09:00,34720.0
2021-06-21 10:00,36080.0
2021-06-21 11:00,36790.0
2021-06-21 12:00,35810.0
2021-06-21 13:00,37300.0
2021-06-21 14:00,38150.0
2021-06-21 15:00,38090.0
2021-06-21 16:00,37790.0
2021-06-21 17:00,35920.0
2021-06-21 18:00,34850.0
2021-06-21 19:00,34240.0
2021-06-21 20:00,32250.0
2021-06-21 21:00,30290.0
2021-06-21 22:00,29010.0
2021-06-21 23:00,27530.0
2021-06-22 00:00,25340.0
2021-06-22 01:00,23970.0
2021-06-22 02:00,23630.0
2021-06-22 03:00,23900.0
2021-06-22 04:00,24050.0
2021-06-22 05:00,24030.0
2021-06-22 06:00,25500.0
2021-06-22 07:00,28490.0
2021-06-22 08:00,32580.0
2021-06-22 09:00,35840.0
2021-06-22 10:00,36900.0
2021-06-22 11:00,38200.0
2021-06-22 12:00,37330.0
2021-06-22 13:00,38660.0
2021-06-22 14:00,38570.0
2021-06-22 15:00,37670.0
2021-06-22 16:00,37250.0
2021-06-22 17:00,35970.0
2021-06-22 18:00,35460.0
2021-06-22 19:00,34630.0
2021-06-22 20:00,32580.0
2021-06-22 21:00,30520.0
2021-06-22 22:00,29270.0
2021-06-22 23:00,27850.0
2021-06-23 00:00,25790.0
2021-06-23 01:00,24380.0
2021-06-23 02:00,24000.0
2021-06-23 03:00,24230.0
2021-06-23 04:00,24380.0
2021-06-23 05:00,24490.0
2021-06-23 06:00,25810.0
2021-06-23 07:00,28500.0
2021-06-23 08:00,32400.0
2021-06-23 09:00,35860.0
2021-06-23 10:00,36570.0
2021-06-23 11:00,36810.0
2021-06-23 12:00,35100.0
2021-06-23 13:00,35840.0
2021-06-23 14:00,35920.0
2021-06-23 15:00,35740.0
2021-06-23 16:00,35730.0
2021-06-23 17:00,34950.0
2021-06-23 18:00,34540.0
2021-06-23 19:00,33800.0
2021-06-23 20:00,31810.0
2021-06-23 21:00,29930.0
2021-06-23 22:00,28610.0
2021-06-23 23:00,27060.0
2021-06-24 00:00,24980.0
2021-06-24 01:00,23740.0
2021-06-24 02:00,23430.0
2021-06-24 03:00,23680.0
2021-06-24 04:00,23940.0
2021-06-24 05:00,24120.0
2021-06-24 06:00,25380.0
2021-06-24 07:00,28090.0
2021-06-24 08:00,32460.0
2021-06-24 09:00,35910.0
2021-06-24 10:00,36330.0
2021-06-24 11:00,37080.0
2021-06-24 12:00,36820.0
2021-06-24 13:00,38080.0
2021-06-24 14:00,38310.0
2021-06-24 15:00,37820.0
2021-06-24 16:00,37470.0
2021-06-24 17:00,35930.0
2021-06-24 18:00,35070.0
2021-06-24 19:00,34210.0
2021-06-24 20:00,32180.0
2021-06-24 21:00,30290.0
2021-06-24 22:00,28970.0
2021-06-24 23:00,27480.0
2021-06-25 00:00,25460.0
2021-06-25 01:00,24040.0
2021-06-25 02:00,23720.0
2021-06-25 03:00,24000.0
2021-06-25 04:00,24150.0
2021-06-25 05:00,24210.0
2021-06-25 06:00,25310.0
2021-06-25 07:00,28120.0
2021-06-25 08:00,31970.0
2021-06-25 09:00,35380.0
2021-06-25 10:00,36680.0
2021-06-25 11:00,37380.0
2021-06-25 12:00,36550.0
2021-06-25 13:00,38450.0
2021-06-25 14:00,38870.0
2021-06-25 15:00,38350.0
2021-06-25 16:00,37640.0
2021-06-25 17:00,35900.0
2021-06-25 18:00,34890.0
2021-06-25 19:00,34170.0
2021-06-25 20:00,32170.0
2021-06-25 21:00,30140.0
2021-06-25 22:00,28990.0
2021-06-25 23:00,27560.0
2021-06-26 00:00,25510.0
2021-06-26 01:00,24150.0
2021-06-26 02:00,23680.0
2021-06-26 03:00,23910.0
2021-06-26 04:00,23810.0
2021-06-26 05:00,23380.0
2021-06-26 06:00,23680.0
2021-06-26 07:00,25220.0
2021-06-26 08:00,28310.0
2021-06-26 09:00,31160.0
2021-06-26 10:00,32940.0
2021-06-26 11:00,33520.0
2021-06-26 12:00,32800.0
2021-06-26 13:00,32790.0
2021-06-26 14:00,32060.0
2021-06-26 15:00,31130.0
2021-06-26 16:00,30740.0
2021-06-26 17:00,30970.0
2021-06-26 18:00,31660.0
2021-06-26 19:00,31770.0
2021-06-26 20:00,30220.0
2021-06-26 21:00,28420.0
2021-06-26 22:00,27290.0
2021-06-26 23:00,26150.0
2021-06-27 00:00,24380.0
2021-06-27 01:00,22970.0
2021-06-27 02:00,22540.0
2021-06-27 03:00,22770.0
2021-06-27 04:00,22720.0
2021-06-27 05:00,22120.0
2021-06-27 06:00,22020.0
2021-06-27 07:00,23350.0
2021-06-27 08:00,26300.0
2021-06-27 09:00,29080.0
2021-06-27 10:00,30130.0
2021-06-27 11:00,30540.0
2021-06-27 12:00,30280.0
2021-06-27 13:00,29880.0
2021-06-27 14:00,29580.0
2021-06-27 15:00,29420.0
2021-06-27 16:00,29680.0
2021-06-27 17:00,30660.0
2021-06-27 18:00,31400.0
2021-06-27 19:00,31250.0
2021-06-27 20:00,29840.0
2021-06-27 21:00,28130.0
2021-06-27 22:00,26680.0
2021-06-27 23:00,25370.0
2021-06-28 00:00,23740.0
2021-06-28 01:00,22400.0
2021-06-28 02:00,22050.0
2021-06-28 03:00,22480.0
2021-06-28 04:00,22810.0
2021-06-28 05:00,23200.0
2021-06-28 06:00,24910.0
2021-06-28 07:00,28460.0
2021-06-28 08:00,33610.0
2021-06-28 09:00,38080.0
2021-06-28 10:00,39780.0
2021-06-28 11:00,40180.0
2021-06-28 12:00,39120.0
2021-06-28 13:00,40320.0
2021-06-28 14:00,40860.0
2021-06-28 15:00,40270.0
2021-06-28 16:00,39450.0
2021-06-28 17:00,37610.0
2021-06-28 18:00,36780.0
2021-06-28 19:00,35610.0
2021-06-28 20:00,33350.0
2021-06-28 21:00,31190.0
2021-06-28 22:00,29680.0
2021-06-28 23:00,27950.0
2021-06-29 00:00,25880.0
2021-06-29 01:00,24310.0
2021-06-29 02:00,23940.0
2021-06-29 03:00,24230.0
2021-06-29 04:00,24500.0
2021-06-29 05:00,25010.0
2021-06-29 06:00,26550.0
2021-06-29 07:00,29250.0
2021-06-29 08:00,32950.0
2021-06-29 09:00,35040.0
2021-06-29 10:00,35710.0
2021-06-29 11:00,36440.0
2021-06-29 12:00,36630.0
2021-06-29 13:00,38000.0
2021-06-29 14:00,39410.0
2021-06-29 15:00,39140.0
2021-06-29 16:00,38590.0
2021-06-29 17:00,37340.0
2021-06-29 18:00,36710.0
2021-06-29 19:00,35270.0
2021-06-29 20:00,32970.0
2021-06-29 21:00,30780.0
2021-06-29 22:00,29240.0
2021-06-29 23:00,27520.0
2021-06-30 00:00,25420.0
2021-06-30 01:00,23980.0
2021-06-30 02:00,23530.0
2021-06-30 03:00,23830.0
2021-06-30 04:00,24030.0
2021-06-30 05:00,24200.0
2021-06-30 06:00,25560.0
2021-06-30 07:00,28380.0
2021-06-30 08:00,32040.0
2021-06-30 09:00,34420.0
2021-06-30 10:00,34750.0
2021-06-30 11:00,35250.0
2021-06-30 12:00,34180.0
2021-06-30 13:00,35370.0
2021-06-30 14:00,35810.0
2021-06-30 15:00,35600.0
2021-06-30 16:00,35350.0
2021-06-30 17:00,34740.0
2021-06-30 18:00,34370.0
2021-06-30 19:00,33410.0
2021-06-30 20:00,31600.0
2021-06-30 21:00,29760.0
2021-06-30 22:00,28590.0
2021-06-30 23:00,27140.0
2021-07-01 00:00,25140.0
2021-07-01 01:00,23820.0
2021-07-01 02:00,23480.0
2021-07-01 03:00,23820.0
2021-07-01 04:00,24250.0
2021-07-01 05:00,24990.0
2021-07-01 06:00,26720.0
2021-07-01 07:00,29710.0
2021-07-01 08:00,33550.0
2021-07-01 09:00,36350.0
2021-07-01 10:00,36470.0
2021-07-01 11:00,36590.0
2021-07-01 12:00,34960.0
2021-07-01 13:00,36180.0
2021-07-01 14:00,36110.0
2021-07-01 15:00,35410.0
2021-07-01 16:00,35300.0
2021-07-01 17:00,34740.0
2021-07-01 18:00,34610.0
2021-07-01 19:00,33620.0
2021-07-01 20:00,31680.0
2021-07-01 21:00,29830.0
2021-07-01 22:00,28580.0
2021-07-01 23:00,27200.0
2021-07-02 00:00,25270.0
2021-07-02 01:00,23950.0
2021-07-02 02:00,23600.0
2021-07-02 03:00,23850.0
2021-07-02 04:00,24180.0
2021-07-02 05:00,24740.0
2021-07-02 06:00,26350.0
2021-07-02 07:00,29420.0
2021-07-02 08:00,33450.0
2021-07-02 09:00,36630.0
2021-07-02 10:00,37500.0
2021-07-02 11:00,37520.0
2021-07-02 12:00,35830.0
2021-07-02 13:00,36370.0
2021-07-02 14:00,36240.0
2021-07-02 15:00,35710.0
2021-07-02 16:00,35330.0
2021-07-02 17:00,34550.0
2021-07-02 18:00,34300.0
2021-07-02 19:00,33680.0
2021-07-02 20:00,31890.0
2021-07-02 21:00,30070.0
2021-07-02 22:00,28990.0
2021-07-02 23:00,27580.0
2021-07-03 00:00,25670.0
2021-07-03 01:00,24340.0
2021-07-03 02:00,23960.0
2021-07-03 03:00,24070.0
2021-07-03 04:00,24170.0
2021-07-03 05:00,24220.0
2021-07-03 06:00,24340.0
2021-07-03 07:00,25830.0
2021-07-03 08:00,28430.0
2021-07-03 09:00,30510.0
2021-07-03 10:00,31050.0
2021-07-03 11:00,31870.0
2021-07-03 12:00,31930.0
2021-07-03 13:00,32040.0
2021-07-03 14:00,32180.0
2021-07-03 15:00,31810.0
2021-07-03 16:00,31380.0
2021-07-03 17:00,31140.0
2021-07-03 18:00,31340.0
2021-07-03 19:00,31070.0
2021-07-03 20:00,29440.0
2021-07-03 21:00,27610.0
2021-07-03 22:00,26570.0
2021-07-03 23:00,25500.0
2021-07-04 00:00,23700.0
2021-07-04 01:00,22480.0
2021-07-04 02:00,22160.0
2021-07-04 03:00,22350.0
2021-07-04 04:00,22340.0
2021-07-04 05:00,22370.0
2021-07-04 06:00,22550.0
2021-07-04 07:00,23950.0
2021-07-04 08:00,26110.0
2021-07-04 09:00,28060.0
2021-07-04 10:00,28780.0
2021-07-04 11:00,28880.0
2021-07-04 12:00,29110.0
2021-07-04 13:00,28820.0
2021-07-04 14:00,28490.0
2021-07-04 15:00,28250.0
2021-07-04 16:00,28560.0
2021-07-04 17:00,29410.0
2021-07-04 18:00,30280.0
2021-07-04 19:00,30110.0
2021-07-04 20:00,28790.0
2021-07-04 21:00,27270.0
2021-07-04 22:00,25940.0
2021-07-04 23:00,24890.0
2021-07-05 00:00,23300.0
2021-07-05 01:00,22140.0
2021-07-05 02:00,22000.0
2021-07-05 03:00,22410.0
2021-07-05 04:00,22840.0
2021-07-05 05:00,23610.0
2021-07-05 06:00,25440.0
2021-07-05 07:00,28550.0
2021-07-05 08:00,32550.0
2021-07-05 09:00,35660.0
2021-07-05 10:00,36450.0
2021-07-05 11:00,36850.0
2021-07-05 12:00,36200.0
2021-07-05 13:00,36680.0
2021-07-05 14:00,36450.0
2021-07-05 15:00,36750.0
2021-07-05 16:00,37040.0
2021-07-05 17:00,35910.0
2021-07-05 18:00,35720.0
2021-07-05 19:00,34950.0
2021-07-05 20:00,32910.0
2021-07-05 21:00,30990.0
2021-07-05 22:00,29740.0
2021-07-05 23:00,28290.0
2021-07-06 00:00,26170.0
2021-07-06 01:00,24710.0
2021-07-06 02:00,24370.0
2021-07-06 03:00,24520.0
2021-07-06 04:00,24710.0
2021-07-06 05:00,25040.0
2021-07-06 06:00,26970.0
2021-07-06 07:00,30060.0
2021-07-06 08:00,34240.0
2021-07-06 09:00,37190.0
2021-07-06 10:00,39630.0
2021-07-06 11:00,41810.0
2021-07-06 12:00,40150.0
2021-07-06 13:00,40640.0
2021-07-06 14:00,40550.0
2021-07-06 15:00,39970.0
2021-07-06 16:00,39690.0
2021-07-06 17:00,38720.0
2021-07-06 18:00,38470.0
2021-07-06 19:00,37400.0
2021-07-06 20:00,35130.0
2021-07-06 21:00,32790.0
2021-07-06 22:00,31300.0
2021-07-06 23:00,29560.0
2021-07-07 00:00,27150.0
2021-07-07 01:00,25580.0
2021-07-07 02:00,25080.0
2021-07-07 03:00,25180.0
2021-07-07 04:00,25310.0
2021-07-07 05:00,25690.0
2021-07-07 06:00,27470.0
2021-07-07 07:00,31170.0
2021-07-07 08:00,35750.0
2021-07-07 09:00,38890.0
2021-07-07 10:00,40530.0
2021-07-07 11:00,42860.0
2021-07-07 12:00,42520.0
2021-07-07 13:00,44590.0
2021-07-07 14:00,45050.0
2021-07-07 15:00,44000.0
2021-07-07 16:00,42430.0
2021-07-07 17:00,40250.0
2021-07-07 18:00,39360.0
2021-07-07 19:00,38340.0
2021-07-07 20:00,35930.0
2021-07-07 21:00,33500.0
2021-07-07 22:00,31850.0
2021-07-07 23:00,29910.0
2021-07-08 00:00,27380.0
2021-07-08 01:00,25690.0
2021-07-08 02:00,25080.0
2021-07-08 03:00,25280.0
2021-07-08 04:00,25380.0
2021-07-08 05:00,25810.0
2021-07-08 06:00,27710.0
2021-07-08 07:00,31050.0
2021-07-08 08:00,35690.0
2021-07-08 09:00,39290.0
2021-07-08 10:00,39860.0
2021-07-08 11:00,39910.0
2021-07-08 12:00,38220.0
2021-07-08 13:00,39050.0
2021-07-08 14:00,39020.0
2021-07-08 15:00,38800.0
2021-07-08 16:00,38700.0
2021-07-08 17:00,37670.0
2021-07-08 18:00,37270.0
2021-07-08 19:00,35970.0
2021-07-08 20:00,33790.0
2021-07-08 21:00,31740.0
2021-07-08 22:00,30270.0
2021-07-08 23:00,28670.0
2021-07-09 00:00,26450.0
2021-07-09 01:00,25020.0
2021-07-09 02:00,24620.0
2021-07-09 03:00,24820.0
2021-07-09 04:00,25090.0
2021-07-09 05:00,25620.0
2021-07-09 06:00,27500.0
2021-07-09 07:00,30760.0
2021-07-09 08:00,35500.0
2021-07-09 09:00,38660.0
2021-07-09 10:00,39360.0
2021-07-09 11:00,39780.0
2021-07-09 12:00,38850.0
2021-07-09 13:00,39610.0
2021-07-09 14:00,40190.0
2021-07-09 15:00,39670.0
2021-07-09 16:00,39250.0
2021-07-09 17:00,38030.0
2021-07-09 18:00,37390.0
2021-07-09 19:00,36380.0
2021-07-09 20:00,34320.0
2021-07-09 21:00,32240.0
2021-07-09 22:00,31020.0
2021-07-09 23:00,29460.0
2021-07-10 00:00,27230.0
2021-07-10 01:00,25640.0
2021-07-10 02:00,25030.0
2021-07-10 03:00,25020.0
2021-07-10 04:00,24880.0
2021-07-10 05:00,24570.0
2021-07-10 06:00,25090.0
2021-07-10 07:00,27440.0
2021-07-10 08:00,31750.0
2021-07-10 09:00,35930.0
2021-07-10 10:00,38680.0
2021-07-10 11:00,40410.0
2021-07-10 12:00,41320.0
2021-07-10 13:00,41970.0
2021-07-10 14:00,42180.0
2021-07-10 15:00,41880.0
2021-07-10 16:00,41150.0
2021-07-10 17:00,39540.0
2021-07-10 18:00,38040.0
2021-07-10 19:00,36900.0
2021-07-10 20:00,34370.0
2021-07-10 21:00,31660.0
2021-07-10 22:00,29920.0
2021-07-10 23:00,28370.0
2021-07-11 00:00,26230.0
2021-07-11 01:00,24560.0
2021-07-11 02:00,23950.0
2021-07-11 03:00,23880.0
2021-07-11 04:00,23710.0
2021-07-11 05:00,23400.0
2021-07-11 06:00,23980.0
2021-07-11 07:00,25940.0
2021-07-11 08:00,29020.0
2021-07-11 09:00,32340.0
2021-07-11 10:00,34060.0
2021-07-11 11:00,35940.0
2021-07-11 12:00,37540.0
2021-07-11 13:00,38990.0
2021-07-11 14:00,39000.0
2021-07-11 15:00,38340.0
2021-07-11 16:00,35530.0
2021-07-11 17:00,33770.0
2021-07-11 18:00,33710.0
2021-07-11 19:00,33560.0
2021-07-11 20:00,31920.0
2021-07-11 21:00,30100.0
2021-07-11 22:00,28390.0
2021-07-11 23:00,26750.0
2021-07-12 00:00,24790.0
2021-07-12 01:00,23370.0
2021-07-12 02:00,22960.0
2021-07-12 03:00,23150.0
2021-07-12 04:00,23460.0
2021-07-12 05:00,23780.0
2021-07-12 06:00,26150.0
2021-07-12 07:00,30440.0
2021-07-12 08:00,36440.0
2021-07-12 09:00,41550.0
2021-07-12 10:00,44120.0
2021-07-12 11:00,45730.0
2021-07-12 12:00,45740.0
2021-07-12 13:00,48160.0
2021-07-12 14:00,47850.0
2021-07-12 15:00,45020.0
2021-07-12 16:00,43520.0
2021-07-12 17:00,41180.0
2021-07-12 18:00,40210.0
2021-07-12 19:00,38830.0
2021-07-12 20:00,36270.0
2021-07-12 21:00,33850.0
2021-07-12 22:00,32230.0
2021-07-12 23:00,30240.0
2021-07-13 00:00,27760.0
2021-07-13 01:00,26160.0
2021-07-13 02:00,25620.0
2021-07-13 03:00,25640.0
2021-07-13 04:00,25790.0
2021-07-13 05:00,26100.0
2021-07-13 06:00,28010.0
2021-07-13 07:00,31620.0
2021-07-13 08:00,36940.0
2021-07-13 09:00,41310.0
2021-07-13 10:00,42870.0
2021-07-13 11:00,43820.0
2021-07-13 12:00,41840.0
2021-07-13 13:00,42950.0
2021-07-13 14:00,42490.0
2021-07-13 15:00,41230.0
2021-07-13 16:00,40880.0
2021-07-13 17:00,39710.0
2021-07-13 18:00,38980.0
2021-07-13 19:00,37870.0
2021-07-13 20:00,35660.0
2021-07-13 21:00,33350.0
2021-07-13 22:00,31850.0
2021-07-13 23:00,30020.0
2021-07-14 00:00,27590.0
2021-07-14 01:00,25850.0
2021-07-14 02:00,25280.0
2021-07-14 03:00,25310.0
2021-07-14 04:00,25470.0
2021-07-14 05:00,25810.0
2021-07-14 06:00,27420.0
2021-07-14 07:00,31040.0
2021-07-14 08:00,35950.0
2021-07-14 09:00,39640.0
2021-07-14 10:00,40990.0
2021-07-14 11:00,41870.0
2021-07-14 12:00,41540.0
2021-07-14 13:00,42980.0
2021-07-14 14:00,43390.0
2021-07-14 15:00,43380.0
2021-07-14 16:00,42700.0
2021-07-14 17:00,40560.0
2021-07-14 18:00,39210.0
2021-07-14 19:00,37750.0
2021-07-14 20:00,35470.0
2021-07-14 21:00,33210.0
2021-07-14 22:00,31750.0
2021-07-14 23:00,29890.0
2021-07-15 00:00,27390.0
2021-07-15 01:00,25730.0
2021-07-15 02:00,25190.0
2021-07-15 03:00,25250.0
2021-07-15 04:00,25470.0
2021-07-15 05:00,25920.0
2021-07-15 06:00,27700.0
2021-07-15 07:00,31070.0
2021-07-15 08:00,36010.0
2021-07-15 09:00,40180.0
2021-07-15 10:00,41630.0
2021-07-15 11:00,43000.0
2021-07-15 12:00,42060.0
2021-07-15 13:00,43910.0
2021-07-15 14:00,44290.0
2021-07-15 15:00,44310.0
2021-07-15 16:00,43940.0
2021-07-15 17:00,41970.0
2021-07-15 18:00,40850.0
2021-07-15 19:00,39750.0
2021-07-15 20:00,37190.0
2021-07-15 21:00,34790.0
2021-07-15 22:00,32990.0
2021-07-15 23:00,31050.0
2021-07-16 00:00,28430.0
2021-07-16 01:00,26690.0
2021-07-16 02:00,26030.0
2021-07-16 03:00,26050.0
2021-07-16 04:00,26130.0
2021-07-16 05:00,26410.0
2021-07-16 06:00,28400.0
2021-07-16 07:00,32850.0
2021-07-16 08:00,39130.0
2021-07-16 09:00,44140.0
2021-07-16 10:00,46260.0
2021-07-16 11:00,47610.0
2021-07-16 12:00,47610.0
2021-07-16 13:00,49040.0
2021-07-16 14:00,49270.0
2021-07-16 15:00,48700.0
2021-07-16 16:00,48000.0
2021-07-16 17:00,45650.0
2021-07-16 18:00,43350.0
2021-07-16 19:00,41460.0
2021-07-16 20:00,38530.0
2021-07-16 21:00,35710.0
2021-07-16 22:00,33760.0
2021-07-16 23:00,31580.0
2021-07-17 00:00,28750.0
2021-07-17 01:00,26880.0
2021-07-17 02:00,25880.0
2021-07-17 03:00,25720.0
2021-07-17 04:00,25510.0
2021-07-17 05:00,25250.0
2021-07-17 06:00,26140.0
2021-07-17 07:00,28830.0
2021-07-17 08:00,33000.0
2021-07-17 09:00,37070.0
2021-07-17 10:00,39370.0
2021-07-17 11:00,40780.0
2021-07-17 12:00,41130.0
2021-07-17 13:00,41530.0
2021-07-17 14:00,41340.0
2021-07-17 15:00,41090.0
2021-07-17 16:00,40850.0
2021-07-17 17:00,40130.0
2021-07-17 18:00,39040.0
2021-07-17 19:00,38120.0
2021-07-17 20:00,35820.0
2021-07-17 21:00,33210.0
2021-07-17 22:00,31390.0
2021-07-17 23:00,29560.0
2021-07-18 00:00,27110.0
2021-07-18 01:00,25350.0
2021-07-18 02:00,24620.0
2021-07-18 03:00,24500.0
2021-07-18 04:00,24370.0
2021-07-18 05:00,24220.0
2021-07-18 06:00,24940.0
2021-07-18 07:00,27470.0
2021-07-18 08:00,30920.0
2021-07-18 09:00,34750.0
2021-07-18 10:00,37390.0
2021-07-18 11:00,39030.0
2021-07-18 12:00,40130.0
2021-07-18 13:00,40380.0
2021-07-18 14:00,40300.0
2021-07-18 15:00,40270.0
2021-07-18 16:00,40410.0
2021-07-18 17:00,40480.0
2021-07-18 18:00,39950.0
2021-07-18 19:00,39430.0
2021-07-18 20:00,37270.0
2021-07-18 21:00,34870.0
2021-07-18 22:00,32570.0
2021-07-18 23:00,30520.0
2021-07-19 00:00,27890.0
2021-07-19 01:00,26100.0
2021-07-19 02:00,25330.0
2021-07-19 03:00,25290.0
2021-07-19 04:00,25510.0
2021-07-19 05:00,26320.0
2021-07-19 06:00,29200.0
2021-07-19 07:00,34780.0
2021-07-19 08:00,42060.0
2021-07-19 09:00,47870.0
2021-07-19 10:00,50500.0
2021-07-19 11:00,52310.0
2021-07-19 12:00,52260.0
2021-07-19 13:00,53780.0
2021-07-19 14:00,54070.0
2021-07-19 15:00,53600.0
2021-07-19 16:00,52740.0
2021-07-19 17:00,50240.0
2021-07-19 18:00,47590.0
2021-07-19 19:00,45330.0
2021-07-19 20:00,42040.0
2021-07-19 21:00,38920.0
2021-07-19 22:00,36530.0
2021-07-19 23:00,33940.0
2021-07-20 00:00,30850.0
2021-07-20 01:00,28760.0
2021-07-20 02:00,27900.0
2021-07-20 03:00,27630.0
2021-07-20 04:00,27770.0
2021-07-20 05:00,28140.0
2021-07-20 06:00,30800.0
2021-07-20 07:00,36000.0
2021-07-20 08:00,43010.0
2021-07-20 09:00,48020.0
2021-07-20 10:00,50360.0
2021-07-20 11:00,52110.0
2021-07-20 12:00,51870.0
2021-07-20 13:00,53130.0
2021-07-20 14:00,53370.0
2021-07-20 15:00,52810.0
2021-07-20 16:00,51540.0
2021-07-20 17:00,47910.0
2021-07-20 18:00,45650.0
2021-07-20 19:00,43840.0
2021-07-20 20:00,40850.0
2021-07-20 21:00,37960.0
2021-07-20 22:00,35830.0
2021-07-20 23:00,33340.0
2021-07-21 00:00,30280.0
2021-07-21 01:00,28210.0
2021-07-21 02:00,27300.0
2021-07-21 03:00,27140.0
2021-07-21 04:00,27150.0
2021-07-21 05:00,27590.0
2021-07-21 06:00,30020.0
2021-07-21 07:00,34900.0
2021-07-21 08:00,41740.0
2021-07-21 09:00,47150.0
2021-07-21 10:00,49550.0
2021-07-21 11:00,50930.0
2021-07-21 12:00,50680.0
2021-07-21 13:00,52360.0
2021-07-21 14:00,51880.0
2021-07-21 15:00,51640.0
2021-07-21 16:00,50070.0
2021-07-21 17:00,46920.0
2021-07-21 18:00,44800.0
2021-07-21 19:00,43170.0
2021-07-21 20:00,40200.0
2021-07-21 21:00,37420.0
2021-07-21 22:00,35350.0
2021-07-21 23:00,33000.0
2021-07-22 00:00,30160.0
2021-07-22 01:00,28140.0
2021-07-22 02:00,27150.0
2021-07-22 03:00,26910.0
2021-07-22 04:00,26820.0
2021-07-22 05:00,26870.0
2021-07-22 06:00,28200.0
2021-07-22 07:00,31460.0
2021-07-22 08:00,36420.0
2021-07-22 09:00,40920.0
2021-07-22 10:00,43310.0
2021-07-22 11:00,44750.0
2021-07-22 12:00,44790.0
2021-07-22 13:00,45380.0
2021-07-22 14:00,45700.0
2021-07-22 15:00,45350.0
2021-07-22 16:00,44100.0
2021-07-22 17:00,42740.0
2021-07-22 18:00,41760.0
2021-07-22 19:00,40890.0
2021-07-22 20:00,38470.0
2021-07-22 21:00,36130.0
2021-07-22 22:00,33850.0
2021-07-22 23:00,31790.0
2021-07-23 00:00,29160.0
2021-07-23 01:00,27260.0
2021-07-23 02:00,26420.0
2021-07-23 03:00,26200.0
2021-07-23 04:00,26070.0
2021-07-23 05:00,26240.0
2021-07-23 06:00,27520.0
2021-07-23 07:00,30770.0
2021-07-23 08:00,35550.0
2021-07-23 09:00,39320.0
2021-07-23 10:00,41170.0
2021-07-23 11:00,42750.0
2021-07-23 12:00,43530.0
2021-07-23 13:00,43920.0
2021-07-23 14:00,44250.0
2021-07-23 15:00,43640.0
2021-07-23 16:00,42660.0
2021-07-23 17:00,41200.0
2021-07-23 18:00,40500.0
2021-07-23 19:00,39900.0
2021-07-23 20:00,37300.0
2021-07-23 21:00,35180.0
2021-07-23 22:00,33310.0
2021-07-23 23:00,31600.0
2021-07-24 00:00,28980.0
2021-07-24 01:00,26790.0
2021-07-24 02:00,25870.0
2021-07-24 03:00,25670.0
2021-07-24 04:00,25600.0
2021-07-24 05:00,25550.0
2021-07-24 06:00,26570.0
2021-07-24 07:00,29490.0
2021-07-24 08:00,33680.0
2021-07-24 09:00,37570.0
2021-07-24 10:00,39730.0
2021-07-24 11:00,41110.0
2021-07-24 12:00,41770.0
2021-07-24 13:00,42120.0
2021-07-24 14:00,42170.0
2021-07-24 15:00,41780.0
2021-07-24 16:00,41120.0
2021-07-24 17:00,40450.0
2021-07-24 18:00,39560.0
2021-07-24 19:00,38700.0
2021-07-24 20:00,36470.0
2021-07-24 21:00,34110.0
2021-07-24 22:00,32310.0
2021-07-24 23:00,30420.0
2021-07-25 00:00,27900.0
2021-07-25 01:00,25950.0
2021-07-25 02:00,25090.0
2021-07-25 03:00,24820.0
2021-07-25 04:00,24750.0
2021-07-25 05:00,24720.0
2021-07-25 06:00,25600.0
2021-07-25 07:00,28190.0
2021-07-25 08:00,31860.0
2021-07-25 09:00,35610.0
2021-07-25 10:00,37910.0
2021-07-25 11:00,39400.0
2021-07-25 12:00,40300.0
2021-07-25 13:00,40650.0
2021-07-25 14:00,40610.0
2021-07-25 15:00,40460.0
2021-07-25 16:00,40290.0
2021-07-25 17:00,40100.0
2021-07-25 18:00,39680.0
2021-07-25 19:00,39080.0
2021-07-25 20:00,36970.0
2021-07-25 21:00,34610.0
2021-07-25 22:00,32600.0
2021-07-25 23:00,30520.0
2021-07-26 00:00,27810.0
2021-07-26 01:00,25990.0
2021-07-26 02:00,25240.0
2021-07-26 03:00,25190.0
2021-07-26 04:00,25340.0
2021-07-26 05:00,25990.0
2021-07-26 06:00,28470.0
2021-07-26 07:00,33420.0
2021-07-26 08:00,40030.0
2021-07-26 09:00,45130.0
2021-07-26 10:00,47230.0
2021-07-26 11:00,47750.0
2021-07-26 12:00,46190.0
2021-07-26 13:00,47230.0
2021-07-26 14:00,47190.0
2021-07-26 15:00,45300.0
2021-07-26 16:00,44690.0
2021-07-26 17:00,42900.0
2021-07-26 18:00,42080.0
2021-07-26 19:00,40820.0
2021-07-26 20:00,38300.0
2021-07-26 21:00,35680.0
2021-07-26 22:00,33750.0
2021-07-26 23:00,31650.0
2021-07-27 00:00,28610.0
2021-07-27 01:00,26380.0
2021-07-27 02:00,25670.0
2021-07-27 03:00,25610.0
2021-07-27 04:00,25780.0
2021-07-27 05:00,26360.0
2021-07-27 06:00,28160.0
2021-07-27 07:00,31440.0
2021-07-27 08:00,36270.0
2021-07-27 09:00,39870.0
2021-07-27 10:00,41000.0
2021-07-27 11:00,41980.0
2021-07-27 12:00,40750.0
2021-07-27 13:00,41970.0
2021-07-27 14:00,43110.0
2021-07-27 15:00,44080.0
2021-07-27 16:00,44430.0
2021-07-27 17:00,42900.0
2021-07-27 18:00,41830.0
2021-07-27 19:00,40520.0
2021-07-27 20:00,37860.0
2021-07-27 21:00,35450.0
2021-07-27 22:00,33570.0
2021-07-27 23:00,31530.0
2021-07-28 00:00,28810.0
2021-07-28 01:00,26880.0
2021-07-28 02:00,26130.0
2021-07-28 03:00,26160.0
2021-07-28 04:00,26250.0
2021-07-28 05:00,26760.0
2021-07-28 06:00,28730.0
2021-07-28 07:00,33400.0
2021-07-28 08:00,40420.0
2021-07-28 09:00,45940.0
2021-07-28 10:00,48100.0
2021-07-28 11:00,49450.0
2021-07-28 12:00,48830.0
2021-07-28 13:00,50000.0
2021-07-28 14:00,50490.0
2021-07-28 15:00,50170.0
2021-07-28 16:00,49420.0
2021-07-28 17:00,46120.0
2021-07-28 18:00,44150.0
2021-07-28 19:00,42520.0
2021-07-28 20:00,39640.0
2021-07-28 21:00,36840.0
2021-07-28 22:00,34740.0
2021-07-28 23:00,32490.0
2021-07-29 00:00,29620.0
2021-07-29 01:00,27770.0
2021-07-29 02:00,26990.0
2021-07-29 03:00,26840.0
2021-07-29 04:00,26970.0
2021-07-29 05:00,27390.0
2021-07-29 06:00,29450.0
2021-07-29 07:00,33740.0
2021-07-29 08:00,39790.0
2021-07-29 09:00,45150.0
2021-07-29 10:00,47230.0
2021-07-29 11:00,49110.0
2021-07-29 12:00,49170.0
2021-07-29 13:00,50110.0
2021-07-29 14:00,50290.0
2021-07-29 15:00,48690.0
2021-07-29 16:00,46910.0
2021-07-29 17:00,44890.0
2021-07-29 18:00,43390.0
2021-07-29 19:00,41890.0
2021-07-29 20:00,39100.0
2021-07-29 21:00,36530.0
2021-07-29 22:00,34500.0
2021-07-29 23:00,32410.0
2021-07-30 00:00,29650.0
2021-07-30 01:00,27840.0
2021-07-30 02:00,27010.0
2021-07-30 03:00,26880.0
2021-07-30 04:00,27030.0
2021-07-30 05:00,27430.0
2021-07-30 06:00,29440.0
2021-07-30 07:00,33710.0
2021-07-30 08:00,39580.0
2021-07-30 09:00,43850.0
2021-07-30 10:00,45420.0
2021-07-30 11:00,46340.0
2021-07-30 12:00,45210.0
2021-07-30 13:00,45800.0
2021-07-30 14:00,45300.0
2021-07-30 15:00,44760.0
2021-07-30 16:00,44750.0
2021-07-30 17:00,43060.0
2021-07-30 18:00,41710.0
2021-07-30 19:00,40350.0
2021-07-30 20:00,37760.0
2021-07-30 21:00,35240.0
2021-07-30 22:00,33480.0
2021-07-30 23:00,31420.0
2021-07-31 00:00,28840.0
2021-07-31 01:00,26860.0
2021-07-31 02:00,26050.0
2021-07-31 03:00,25820.0
2021-07-31 04:00,25690.0
2021-07-31 05:00,25570.0
2021-07-31 06:00,26400.0
2021-07-31 07:00,28710.0
2021-07-31 08:00,32680.0
2021-07-31 09:00,36750.0
2021-07-31 10:00,38940.0
2021-07-31 11:00,40220.0
2021-07-31 12:00,40790.0
2021-07-31 13:00,41550.0
2021-07-31 14:00,41520.0
2021-07-31 15:00,41280.0
2021-07-31 16:00,40960.0
2021-07-31 17:00,39920.0
2021-07-31 18:00,38880.0
2021-07-31 19:00,37830.0
2021-07-31 20:00,35580.0
2021-07-31 21:00,33450.0
2021-07-31 22:00,31810.0
2021-07-31 23:00,30130.0
2021-08-01 00:00,27750.0
2021-08-01 01:00,25830.0
2021-08-01 02:00,25050.0
2021-08-01 03:00,24870.0
2021-08-01 04:00,24820.0
2021-08-01 05:00,24660.0
2021-08-01 06:00,25470.0
2021-08-01 07:00,28190.0
2021-08-01 08:00,32170.0
2021-08-01 09:00,36370.0
2021-08-01 10:00,39170.0
2021-08-01 11:00,41020.0
2021-08-01 12:00,42240.0
2021-08-01 13:00,42580.0
2021-08-01 14:00,42620.0
2021-08-01 15:00,42470.0
2021-08-01 16:00,41950.0
2021-08-01 17:00,41610.0
2021-08-01 18:00,41060.0
2021-08-01 19:00,40230.0
2021-08-01 20:00,37950.0
2021-08-01 21:00,35510.0
2021-08-01 22:00,33300.0
2021-08-01 23:00,31220.0
2021-08-02 00:00,28520.0
2021-08-02 01:00,26610.0
2021-08-02 02:00,25800.0
2021-08-02 03:00,25690.0
2021-08-02 04:00,25980.0
2021-08-02 05:00,26760.0
2021-08-02 06:00,29710.0
2021-08-02 07:00,35330.0
2021-08-02 08:00,42770.0
2021-08-02 09:00,47950.0
2021-08-02 10:00,50000.0
2021-08-02 11:00,51040.0
2021-08-02 12:00,50580.0
2021-08-02 13:00,51560.0
2021-08-02 14:00,50990.0
2021-08-02 15:00,49550.0
2021-08-02 16:00,48430.0
2021-08-02 17:00,46250.0
2021-08-02 18:00,45450.0
2021-08-02 19:00,43950.0
2021-08-02 20:00,41150.0
2021-08-02 21:00,38500.0
2021-08-02 22:00,36580.0
2021-08-02 23:00,34300.0
2021-08-03 00:00,31400.0
2021-08-03 01:00,29240.0
2021-08-03 02:00,28360.0
2021-08-03 03:00,28170.0
2021-08-03 04:00,28340.0
2021-08-03 05:00,28780.0
2021-08-03 06:00,31420.0
2021-08-03 07:00,36610.0
2021-08-03 08:00,43070.0
2021-08-03 09:00,47990.0
2021-08-03 10:00,50320.0
2021-08-03 11:00,51560.0
2021-08-03 12:00,51380.0
2021-08-03 13:00,52610.0
2021-08-03 14:00,52830.0
2021-08-03 15:00,52400.0
2021-08-03 16:00,52020.0
2021-08-03 17:00,49820.0
2021-08-03 18:00,47660.0
2021-08-03 19:00,45560.0
2021-08-03 20:00,42320.0
2021-08-03 21:00,39390.0
2021-08-03 22:00,37340.0
2021-08-03 23:00,35000.0
2021-08-04 00:00,31840.0
2021-08-04 01:00,29620.0
2021-08-04 02:00,28620.0
2021-08-04 03:00,28240.0
2021-08-04 04:00,28310.0
2021-08-04 05:00,28860.0
2021-08-04 06:00,31380.0
2021-08-04 07:00,36530.0
2021-08-04 08:00,43470.0
2021-08-04 09:00,48610.0
2021-08-04 10:00,51230.0
2021-08-04 11:00,53130.0
2021-08-04 12:00,53120.0
2021-08-04 13:00,54400.0
2021-08-04 14:00,54510.0
2021-08-04 15:00,54170.0
2021-08-04 16:00,53790.0
2021-08-04 17:00,51340.0
2021-08-04 18:00,48910.0
2021-08-04 19:00,46530.0
2021-08-04 20:00,42900.0
2021-08-04 21:00,39690.0
2021-08-04 22:00,37220.0
2021-08-04 23:00,34550.0
2021-08-05 00:00,31330.0
2021-08-05 01:00,29110.0
2021-08-05 02:00,28110.0
2021-08-05 03:00,27690.0
2021-08-05 04:00,27670.0
2021-08-05 05:00,28210.0
2021-08-05 06:00,30710.0
2021-08-05 07:00,35660.0
2021-08-05 08:00,42920.0
2021-08-05 09:00,48940.0
2021-08-05 10:00,51690.0
2021-08-05 11:00,53370.0
2021-08-05 12:00,53210.0
2021-08-05 13:00,54530.0
2021-08-05 14:00,54470.0
2021-08-05 15:00,54280.0
2021-08-05 16:00,53650.0
2021-08-05 17:00,50870.0
2021-08-05 18:00,48520.0
2021-08-05 19:00,46350.0
2021-08-05 20:00,42680.0
2021-08-05 21:00,39530.0
2021-08-05 22:00,37170.0
2021-08-05 23:00,34600.0
2021-08-06 00:00,31490.0
2021-08-06 01:00,29260.0
2021-08-06 02:00,28150.0
2021-08-06 03:00,27800.0
2021-08-06 04:00,27840.0
2021-08-06 05:00,28230.0
2021-08-06 06:00,30670.0
2021-08-06 07:00,35760.0
2021-08-06 08:00,42700.0
2021-08-06 09:00,47980.0
2021-08-06 10:00,50710.0
2021-08-06 11:00,52280.0
2021-08-06 12:00,52260.0
2021-08-06 13:00,53570.0
2021-08-06 14:00,53670.0
2021-08-06 15:00,53150.0
2021-08-06 16:00,52410.0
2021-08-06 17:00,49900.0
2021-08-06 18:00,47780.0
2021-08-06 19:00,45820.0
2021-08-06 20:00,42530.0
2021-08-06 21:00,39540.0
2021-08-06 22:00,37460.0
2021-08-06 23:00,35080.0
2021-08-07 00:00,32010.0
2021-08-07 01:00,29700.0
2021-08-07 02:00,28490.0
2021-08-07 03:00,28050.0
2021-08-07 04:00,27860.0
2021-08-07 05:00,27780.0
2021-08-07 06:00,29160.0
2021-08-07 07:00,32340.0
2021-08-07 08:00,36600.0
2021-08-07 09:00,40560.0
2021-08-07 10:00,42040.0
2021-08-07 11:00,41720.0
2021-08-07 12:00,41460.0
2021-08-07 13:00,41240.0
2021-08-07 14:00,40520.0
2021-08-07 15:00,40180.0
2021-08-07 16:00,39390.0
2021-08-07 17:00,39130.0
2021-08-07 18:00,39710.0
2021-08-07 19:00,39120.0
2021-08-07 20:00,36830.0
2021-08-07 21:00,34580.0
2021-08-07 22:00,33170.0
2021-08-07 23:00,31430.0
2021-08-08 00:00,28950.0
2021-08-08 01:00,26920.0
2021-08-08 02:00,26130.0
2021-08-08 03:00,25870.0
2021-08-08 04:00,25780.0
2021-08-08 05:00,25820.0
2021-08-08 06:00,26340.0
2021-08-08 07:00,28030.0
2021-08-08 08:00,30290.0
2021-08-08 09:00,32590.0
2021-08-08 10:00,33820.0
2021-08-08 11:00,34500.0
2021-08-08 12:00,34430.0
2021-08-08 13:00,34240.0
2021-08-08 14:00,34280.0
2021-08-08 15:00,34630.0
2021-08-08 16:00,34890.0
2021-08-08 17:00,35820.0
2021-08-08 18:00,37150.0
2021-08-08 19:00,37170.0
2021-08-08 20:00,34980.0
2021-08-08 21:00,32990.0
2021-08-08 22:00,31390.0
2021-08-08 23:00,29850.0
2021-08-09 00:00,27620.0
2021-08-09 01:00,25950.0
2021-08-09 02:00,25250.0
2021-08-09 03:00,25190.0
2021-08-09 04:00,25300.0
2021-08-09 05:00,25310.0
2021-08-09 06:00,26840.0
2021-08-09 07:00,30430.0
2021-08-09 08:00,34520.0
2021-08-09 09:00,37800.0
2021-08-09 10:00,38230.0
2021-08-09 11:00,39940.0
2021-08-09 12:00,42140.0
2021-08-09 13:00,42010.0
2021-08-09 14:00,41040.0
2021-08-09 15:00,41180.0
2021-08-09 16:00,40620.0
2021-08-09 17:00,39820.0
2021-08-09 18:00,39820.0
2021-08-09 19:00,39070.0
2021-08-09 20:00,36830.0
2021-08-09 21:00,34590.0
2021-08-09 22:00,32700.0
2021-08-09 23:00,30950.0
2021-08-10 00:00,28570.0
2021-08-10 01:00,26710.0
2021-08-10 02:00,25880.0
2021-08-10 03:00,25710.0
2021-08-10 04:00,25820.0
2021-08-10 05:00,26300.0
2021-08-10 06:00,28370.0
2021-08-10 07:00,32810.0
2021-08-10 08:00,39130.0
2021-08-10 09:00,44350.0
2021-08-10 10:00,47350.0
2021-08-10 11:00,49410.0
2021-08-10 12:00,49840.0
2021-08-10 13:00,50320.0
2021-08-10 14:00,50040.0
2021-08-10 15:00,49660.0
2021-08-10 16:00,49370.0
2021-08-10 17:00,47490.0
2021-08-10 18:00,45340.0
2021-08-10 19:00,43270.0
2021-08-10 20:00,39880.0
2021-08-10 21:00,36820.0
2021-08-10 22:00,34470.0
2021-08-10 23:00,32000.0
2021-08-11 00:00,29010.0
2021-08-11 01:00,26930.0
2021-08-11 02:00,25900.0
2021-08-11 03:00,25580.0
2021-08-11 04:00,25540.0
2021-08-11 05:00,25820.0
2021-08-11 06:00,27460.0
2021-08-11 07:00,31350.0
2021-08-11 08:00,37180.0
2021-08-11 09:00,41870.0
2021-08-11 10:00,43650.0
2021-08-11 11:00,45390.0
2021-08-11 12:00,45770.0
2021-08-11 13:00,46500.0
2021-08-11 14:00,44980.0
2021-08-11 15:00,44470.0
2021-08-11 16:00,43820.0
2021-08-11 17:00,41510.0
2021-08-11 18:00,40650.0
2021-08-11 19:00,39290.0
2021-08-11 20:00,36630.0
2021-08-11 21:00,34230.0
2021-08-11 22:00,32440.0
2021-08-11 23:00,30400.0
2021-08-12 00:00,27900.0
2021-08-12 01:00,26070.0
2021-08-12 02:00,25240.0
2021-08-12 03:00,24950.0
2021-08-12 04:00,24990.0
2021-08-12 05:00,25210.0
2021-08-12 06:00,26340.0
2021-08-12 07:00,28810.0
2021-08-12 08:00,32310.0
2021-08-12 09:00,35320.0
2021-08-12 10:00,36930.0
2021-08-12 11:00,37750.0
2021-08-12 12:00,38470.0
2021-08-12 13:00,37810.0
2021-08-12 14:00,37060.0
2021-08-12 15:00,36470.0
2021-08-12 16:00,36380.0
2021-08-12 17:00,36150.0
2021-08-12 18:00,36150.0
2021-08-12 19:00,34970.0
2021-08-12 20:00,32800.0
2021-08-12 21:00,30680.0
2021-08-12 22:00,29170.0
2021-08-12 23:00,27550.0
2021-08-13 00:00,25310.0
2021-08-13 01:00,23710.0
2021-08-13 02:00,23080.0
2021-08-13 03:00,23050.0
2021-08-13 04:00,23120.0
2021-08-13 05:00,23310.0
2021-08-13 06:00,24200.0
2021-08-13 07:00,25650.0
2021-08-13 08:00,27820.0
2021-08-13 09:00,29720.0
2021-08-13 10:00,30730.0
2021-08-13 11:00,30850.0
2021-08-13 12:00,30410.0
2021-08-13 13:00,30170.0
2021-08-13 14:00,29830.0
2021-08-13 15:00,29680.0
2021-08-13 16:00,30210.0
2021-08-13 17:00,30720.0
2021-08-13 18:00,31160.0
2021-08-13 19:00,30510.0
2021-08-13 20:00,28920.0
2021-08-13 21:00,27440.0
2021-08-13 22:00,26720.0
2021-08-13 23:00,25870.0
2021-08-14 00:00,24150.0
2021-08-14 01:00,22880.0
2021-08-14 02:00,22400.0
2021-08-14 03:00,22390.0
2021-08-14 04:00,22350.0
2021-08-14 05:00,22430.0
2021-08-14 06:00,22600.0
2021-08-14 07:00,24200.0
2021-08-14 08:00,26400.0
2021-08-14 09:00,28560.0
2021-08-14 10:00,29810.0
2021-08-14 11:00,30780.0
2021-08-14 12:00,30630.0
2021-08-14 13:00,29700.0
2021-08-14 14:00,29290.0
2021-08-14 15:00,28950.0
2021-08-14 16:00,28970.0
2021-08-14 17:00,29490.0
2021-08-14 18:00,30010.0
2021-08-14 19:00,29360.0
2021-08-14 20:00,27760.0
2021-08-14 21:00,26220.0
2021-08-14 22:00,25240.0
2021-08-14 23:00,24380.0
2021-08-15 00:00,22600.0
2021-08-15 01:00,21410.0
2021-08-15 02:00,20980.0
2021-08-15 03:00,21070.0
2021-08-15 04:00,21400.0
2021-08-15 05:00,21620.0
2021-08-15 06:00,21930.0
2021-08-15 07:00,22900.0
2021-08-15 08:00,24600.0
2021-08-15 09:00,25950.0
2021-08-15 10:00,27190.0
2021-08-15 11:00,27400.0
2021-08-15 12:00,27030.0
2021-08-15 13:00,26430.0
2021-08-15 14:00,25940.0
2021-08-15 15:00,26070.0
2021-08-15 16:00,26630.0
2021-08-15 17:00,27620.0
2021-08-15 18:00,28810.0
2021-08-15 19:00,28540.0
2021-08-15 20:00,27210.0
2021-08-15 21:00,25740.0
2021-08-15 22:00,24480.0
2021-08-15 23:00,23520.0
2021-08-16 00:00,21960.0
2021-08-16 01:00,20810.0
2021-08-16 02:00,20530.0
2021-08-16 03:00,20840.0
2021-08-16 04:00,21220.0
2021-08-16 05:00,21660.0
2021-08-16 06:00,22630.0
2021-08-16 07:00,25220.0
2021-08-16 08:00,28550.0
2021-08-16 09:00,30780.0
2021-08-16 10:00,31450.0
2021-08-16 11:00,31880.0
2021-08-16 12:00,31140.0
2021-08-16 13:00,31620.0
2021-08-16 14:00,32030.0
2021-08-16 15:00,32060.0
2021-08-16 16:00,32420.0
2021-08-16 17:00,32320.0
2021-08-16 18:00,32620.0
2021-08-16 19:00,31560.0
2021-08-16 20:00,29740.0
2021-08-16 21:00,28110.0
2021-08-16 22:00,27210.0
2021-08-16 23:00,26000.0
2021-08-17 00:00,24110.0
2021-08-17 01:00,22740.0
2021-08-17 02:00,22460.0
2021-08-17 03:00,22790.0
2021-08-17 04:00,23030.0
2021-08-17 05:00,23520.0
2021-08-17 06:00,24790.0
2021-08-17 07:00,27770.0
2021-08-17 08:00,31830.0
2021-08-17 09:00,34900.0
2021-08-17 10:00,36040.0
2021-08-17 11:00,36700.0
2021-08-17 12:00,35460.0
2021-08-17 13:00,36590.0
2021-08-17 14:00,36990.0
2021-08-17 15:00,37270.0
2021-08-17 16:00,37710.0
2021-08-17 17:00,36950.0
2021-08-17 18:00,36570.0
2021-08-17 19:00,35320.0
2021-08-17 20:00,33210.0
2021-08-17 21:00,31440.0
2021-08-17 22:00,30270.0
2021-08-17 23:00,28910.0
2021-08-18 00:00,26800.0
2021-08-18 01:00,25270.0
2021-08-18 02:00,24800.0
2021-08-18 03:00,24910.0
2021-08-18 04:00,25270.0
2021-08-18 05:00,25500.0
2021-08-18 06:00,27010.0
2021-08-18 07:00,31060.0
2021-08-18 08:00,37080.0
2021-08-18 09:00,41700.0
2021-08-18 10:00,43280.0
2021-08-18 11:00,44230.0
2021-08-18 12:00,42970.0
2021-08-18 13:00,42820.0
2021-08-18 14:00,42750.0
2021-08-18 15:00,42610.0
2021-08-18 16:00,42560.0
2021-08-18 17:00,41210.0
2021-08-18 18:00,39840.0
2021-08-18 19:00,38190.0
2021-08-18 20:00,35490.0
2021-08-18 21:00,33210.0
2021-08-18 22:00,31760.0
2021-08-18 23:00,30060.0
2021-08-19 00:00,27630.0
2021-08-19 01:00,25980.0
2021-08-19 02:00,25320.0
2021-08-19 03:00,25460.0
2021-08-19 04:00,25710.0
2021-08-19 05:00,25760.0
2021-08-19 06:00,27100.0
2021-08-19 07:00,31350.0
2021-08-19 08:00,37990.0
2021-08-19 09:00,43230.0
2021-08-19 10:00,46080.0
2021-08-19 11:00,47690.0
2021-08-19 12:00,47500.0
2021-08-19 13:00,48940.0
2021-08-19 14:00,48730.0
2021-08-19 15:00,48200.0
2021-08-19 16:00,47060.0
2021-08-19 17:00,44640.0
2021-08-19 18:00,43240.0
2021-08-19 19:00,41160.0
2021-08-19 20:00,38110.0
2021-08-19 21:00,35580.0
2021-08-19 22:00,33620.0
2021-08-19 23:00,31550.0
2021-08-20 00:00,29020.0
2021-08-20 01:00,27220.0
2021-08-20 02:00,26520.0
2021-08-20 03:00,26390.0
2021-08-20 04:00,26520.0
2021-08-20 05:00,26840.0
2021-08-20 06:00,28830.0
2021-08-20 07:00,33270.0
2021-08-20 08:00,40030.0
2021-08-20 09:00,45450.0
2021-08-20 10:00,48010.0
2021-08-20 11:00,49840.0
2021-08-20 12:00,49770.0
2021-08-20 13:00,50710.0
2021-08-20 14:00,50240.0
2021-08-20 15:00,49240.0
2021-08-20 16:00,47920.0
2021-08-20 17:00,44810.0
2021-08-20 18:00,43390.0
2021-08-20 19:00,41340.0
2021-08-20 20:00,38260.0
2021-08-20 21:00,35730.0
2021-08-20 22:00,33930.0
2021-08-20 23:00,31900.0
2021-08-21 00:00,29240.0
2021-08-21 01:00,27330.0
2021-08-21 02:00,26450.0
2021-08-21 03:00,26230.0
2021-08-21 04:00,26130.0
2021-08-21 05:00,25870.0
2021-08-21 06:00,26620.0
2021-08-21 07:00,29570.0
2021-08-21 08:00,33870.0
2021-08-21 09:00,37210.0
2021-08-21 10:00,38050.0
2021-08-21 11:00,38530.0
2021-08-21 12:00,39600.0
2021-08-21 13:00,41110.0
2021-08-21 14:00,40980.0
2021-08-21 15:00,40230.0
2021-08-21 16:00,39060.0
2021-08-21 17:00,38510.0
2021-08-21 18:00,38780.0
2021-08-21 19:00,37660.0
2021-08-21 20:00,35370.0
2021-08-21 21:00,33190.0
2021-08-21 22:00,31750.0
2021-08-21 23:00,30250.0
2021-08-22 00:00,28050.0
2021-08-22 01:00,26340.0
2021-08-22 02:00,25560.0
2021-08-22 03:00,25430.0
2021-08-22 04:00,25330.0
2021-08-22 05:00,25380.0
2021-08-22 06:00,25880.0
2021-08-22 07:00,27580.0
2021-08-22 08:00,30690.0
2021-08-22 09:00,33540.0
2021-08-22 10:00,35450.0
2021-08-22 11:00,37180.0
2021-08-22 12:00,38980.0
2021-08-22 13:00,39970.0
2021-08-22 14:00,39800.0
2021-08-22 15:00,39370.0
2021-08-22 16:00,39180.0
2021-08-22 17:00,39870.0
2021-08-22 18:00,40360.0
2021-08-22 19:00,39380.0
2021-08-22 20:00,36910.0
2021-08-22 21:00,34620.0
2021-08-22 22:00,32640.0
2021-08-22 23:00,30650.0
2021-08-23 00:00,28260.0
2021-08-23 01:00,26460.0
2021-08-23 02:00,25710.0
2021-08-23 03:00,25690.0
2021-08-23 04:00,26000.0
2021-08-23 05:00,26610.0
2021-08-23 06:00,28630.0
2021-08-23 07:00,33490.0
2021-08-23 08:00,39030.0
2021-08-23 09:00,42530.0
2021-08-23 10:00,43970.0
2021-08-23 11:00,45250.0
2021-08-23 12:00,44810.0
2021-08-23 13:00,46650.0
2021-08-23 14:00,46650.0
2021-08-23 15:00,45620.0
2021-08-23 16:00,45970.0
2021-08-23 17:00,44450.0
2021-08-23 18:00,43310.0
2021-08-23 19:00,41150.0
2021-08-23 20:00,38130.0
2021-08-23 21:00,35680.0
2021-08-23 22:00,33910.0
2021-08-23 23:00,31940.0
2021-08-24 00:00,29240.0
2021-08-24 01:00,27340.0
2021-08-24 02:00,26650.0
2021-08-24 03:00,26580.0
2021-08-24 04:00,26810.0
2021-08-24 05:00,27200.0
2021-08-24 06:00,28910.0
2021-08-24 07:00,33210.0
2021-08-24 08:00,39180.0
2021-08-24 09:00,43800.0
2021-08-24 10:00,45620.0
2021-08-24 11:00,46870.0
2021-08-24 12:00,46100.0
2021-08-24 13:00,46500.0
2021-08-24 14:00,45990.0
2021-08-24 15:00,45840.0
2021-08-24 16:00,45780.0
2021-08-24 17:00,44280.0
2021-08-24 18:00,43630.0
2021-08-24 19:00,41430.0
2021-08-24 20:00,38420.0
2021-08-24 21:00,35970.0
2021-08-24 22:00,34310.0
2021-08-24 23:00,32260.0
2021-08-25 00:00,29680.0
2021-08-25 01:00,27930.0
2021-08-25 02:00,27260.0
2021-08-25 03:00,27170.0
2021-08-25 04:00,27360.0
2021-08-25 05:00,27960.0
2021-08-25 06:00,29720.0
2021-08-25 07:00,33740.0
2021-08-25 08:00,39890.0
2021-08-25 09:00,44680.0
2021-08-25 10:00,46720.0
2021-08-25 11:00,48640.0
2021-08-25 12:00,49030.0
2021-08-25 13:00,50540.0
2021-08-25 14:00,50980.0
2021-08-25 15:00,50870.0
2021-08-25 16:00,50400.0
2021-08-25 17:00,48490.0
2021-08-25 18:00,47760.0
2021-08-25 19:00,45620.0
2021-08-25 20:00,42450.0
2021-08-25 21:00,39560.0
2021-08-25 22:00,37310.0
2021-08-25 23:00,34790.0
2021-08-26 00:00,31620.0
2021-08-26 01:00,29530.0
2021-08-26 02:00,28540.0
2021-08-26 03:00,28280.0
2021-08-26 04:00,28370.0
2021-08-26 05:00,28720.0
2021-08-26 06:00,31120.0
2021-08-26 07:00,36720.0
2021-08-26 08:00,44070.0
2021-08-26 09:00,50590.0
2021-08-26 10:00,53560.0
2021-08-26 11:00,55470.0
2021-08-26 12:00,55470.0
2021-08-26 13:00,56650.0
2021-08-26 14:00,56600.0
2021-08-26 15:00,55980.0
2021-08-26 16:00,55190.0
2021-08-26 17:00,52400.0
2021-08-26 18:00,50670.0
2021-08-26 19:00,48000.0
2021-08-26 20:00,44470.0
2021-08-26 21:00,41330.0
2021-08-26 22:00,38880.0
2021-08-26 23:00,36110.0
2021-08-27 00:00,32910.0
2021-08-27 01:00,30600.0
2021-08-27 02:00,29460.0
2021-08-27 03:00,29080.0
2021-08-27 04:00,29150.0
2021-08-27 05:00,29550.0
2021-08-27 06:00,31950.0
2021-08-27 07:00,37120.0
2021-08-27 08:00,44320.0
2021-08-27 09:00,50500.0
2021-08-27 10:00,53180.0
2021-08-27 11:00,54720.0
2021-08-27 12:00,54600.0
2021-08-27 13:00,55910.0
2021-08-27 14:00,55820.0
2021-08-27 15:00,54870.0
2021-08-27 16:00,53560.0
2021-08-27 17:00,50500.0
2021-08-27 18:00,48720.0
2021-08-27 19:00,46290.0
2021-08-27 20:00,42960.0
2021-08-27 21:00,40070.0
2021-08-27 22:00,37810.0
2021-08-27 23:00,35330.0
2021-08-28 00:00,32350.0
2021-08-28 01:00,30020.0
2021-08-28 02:00,28940.0
2021-08-28 03:00,28590.0
2021-08-28 04:00,28350.0
2021-08-28 05:00,28240.0
2021-08-28 06:00,29190.0
2021-08-28 07:00,32110.0
2021-08-28 08:00,37060.0
2021-08-28 09:00,41990.0
2021-08-28 10:00,44610.0
2021-08-28 11:00,46470.0
2021-08-28 12:00,47420.0
2021-08-28 13:00,48090.0
2021-08-28 14:00,48040.0
2021-08-28 15:00,47550.0
2021-08-28 16:00,46670.0
2021-08-28 17:00,45060.0
2021-08-28 18:00,44310.0
2021-08-28 19:00,42650.0
2021-08-28 20:00,39740.0
2021-08-28 21:00,37130.0
2021-08-28 22:00,35220.0
2021-08-28 23:00,33100.0
2021-08-29 00:00,30290.0
2021-08-29 01:00,28220.0
2021-08-29 02:00,27200.0
2021-08-29 03:00,26840.0
2021-08-29 04:00,26770.0
2021-08-29 05:00,26800.0
2021-08-29 06:00,27570.0
2021-08-29 07:00,29560.0
2021-08-29 08:00,32640.0
2021-08-29 09:00,35890.0
2021-08-29 10:00,37110.0
2021-08-29 11:00,37370.0
2021-08-29 12:00,38400.0
2021-08-29 13:00,38440.0
2021-08-29 14:00,38490.0
2021-08-29 15:00,38570.0
2021-08-29 16:00,38390.0
2021-08-29 17:00,38710.0
2021-08-29 18:00,39340.0
2021-08-29 19:00,38190.0
2021-08-29 20:00,36000.0
2021-08-29 21:00,33770.0
2021-08-29 22:00,31940.0
2021-08-29 23:00,30190.0
2021-08-30 00:00,27990.0
2021-08-30 01:00,26300.0
2021-08-30 02:00,25590.0
2021-08-30 03:00,25700.0
2021-08-30 04:00,26090.0
2021-08-30 05:00,26810.0
2021-08-30 06:00,29310.0
2021-08-30 07:00,34570.0
2021-08-30 08:00,42190.0
2021-08-30 09:00,48400.0
2021-08-30 10:00,51320.0
2021-08-30 11:00,53330.0
2021-08-30 12:00,53480.0
2021-08-30 13:00,54820.0
2021-08-30 14:00,55340.0
2021-08-30 15:00,54750.0
2021-08-30 16:00,53920.0
2021-08-30 17:00,51000.0
2021-08-30 18:00,49250.0
2021-08-30 19:00,46840.0
2021-08-30 20:00,43250.0
2021-08-30 21:00,40080.0
2021-08-30 22:00,37590.0
2021-08-30 23:00,34900.0
2021-08-31 00:00,31660.0
2021-08-31 01:00,29330.0
2021-08-31 02:00,28280.0
2021-08-31 03:00,27970.0
2021-08-31 04:00,28040.0
2021-08-31 05:00,28420.0
2021-08-31 06:00,30650.0
2021-08-31 07:00,35350.0
2021-08-31 08:00,41480.0
2021-08-31 09:00,46080.0
2021-08-31 10:00,48470.0
2021-08-31 11:00,49400.0
2021-08-31 12:00,47510.0
2021-08-31 13:00,47790.0
2021-08-31 14:00,47460.0
2021-08-31 15:00,45640.0
2021-08-31 16:00,44510.0
2021-08-31 17:00,43200.0
2021-08-31 18:00,42160.0
2021-08-31 19:00,39700.0
2021-08-31 20:00,36720.0
2021-08-31 21:00,33960.0
2021-08-31 22:00,32090.0
2021-08-31 23:00,30130.0
2021-09-01 00:00,27650.0
2021-09-01 01:00,26040.0
2021-09-01 02:00,25410.0
2021-09-01 03:00,25400.0
2021-09-01 04:00,25690.0
2021-09-01 05:00,26370.0
2021-09-01 06:00,28120.0
2021-09-01 07:00,31410.0
2021-09-01 08:00,35910.0
2021-09-01 09:00,38690.0
2021-09-01 10:00,39270.0
2021-09-01 11:00,39260.0
2021-09-01 12:00,37750.0
2021-09-01 13:00,38120.0
2021-09-01 14:00,37640.0
2021-09-01 15:00,36890.0
2021-09-01 16:00,36520.0
2021-09-01 17:00,35590.0
2021-09-01 18:00,34920.0
2021-09-01 19:00,33190.0
2021-09-01 20:00,31140.0
2021-09-01 21:00,29380.0
2021-09-01 22:00,28240.0
2021-09-01 23:00,27060.0
2021-09-02 00:00,25100.0
2021-09-02 01:00,23890.0
2021-09-02 02:00,23460.0
2021-09-02 03:00,23690.0
2021-09-02 04:00,24030.0
2021-09-02 05:00,24660.0
2021-09-02 06:00,26230.0
2021-09-02 07:00,29060.0
2021-09-02 08:00,32980.0
2021-09-02 09:00,35780.0
2021-09-02 10:00,36580.0
2021-09-02 11:00,36840.0
2021-09-02 12:00,35200.0
2021-09-02 13:00,35970.0
2021-09-02 14:00,35850.0
2021-09-02 15:00,35360.0
2021-09-02 16:00,35240.0
2021-09-02 17:00,34700.0
2021-09-02 18:00,34370.0
2021-09-02 19:00,32680.0
2021-09-02 20:00,30760.0
2021-09-02 21:00,29070.0
2021-09-02 22:00,28020.0
2021-09-02 23:00,26710.0
2021-09-03 00:00,24790.0
2021-09-03 01:00,23460.0
2021-09-03 02:00,23140.0
2021-09-03 03:00,23440.0
2021-09-03 04:00,23820.0
2021-09-03 05:00,24410.0
2021-09-03 06:00,25890.0
2021-09-03 07:00,28750.0
2021-09-03 08:00,32450.0
2021-09-03 09:00,34700.0
2021-09-03 10:00,35210.0
2021-09-03 11:00,35270.0
2021-09-03 12:00,33810.0
2021-09-03 13:00,35240.0
2021-09-03 14:00,35510.0
2021-09-03 15:00,35120.0
2021-09-03 16:00,34980.0
2021-09-03 17:00,34350.0
2021-09-03 18:00,33940.0
2021-09-03 19:00,32400.0
2021-09-03 20:00,30490.0
2021-09-03 21:00,28800.0
2021-09-03 22:00,27740.0
2021-09-03 23:00,26480.0
2021-09-04 00:00,24690.0
2021-09-04 01:00,23310.0
2021-09-04 02:00,22890.0
2021-09-04 03:00,23100.0
2021-09-04 04:00,23210.0
2021-09-04 05:00,23150.0
2021-09-04 06:00,23170.0
2021-09-04 07:00,24780.0
2021-09-04 08:00,27620.0
2021-09-04 09:00,29580.0
2021-09-04 10:00,29970.0
2021-09-04 11:00,30530.0
2021-09-04 12:00,30460.0
2021-09-04 13:00,30690.0
2021-09-04 14:00,30220.0
2021-09-04 15:00,29950.0
2021-09-04 16:00,30140.0
2021-09-04 17:00,30460.0
2021-09-04 18:00,30720.0
2021-09-04 19:00,29770.0
2021-09-04 20:00,28100.0
2021-09-04 21:00,26540.0
2021-09-04 22:00,25570.0
2021-09-04 23:00,24620.0
2021-09-05 00:00,22970.0
2021-09-05 01:00,21840.0
2021-09-05 02:00,21570.0
2021-09-05 03:00,21860.0
2021-09-05 04:00,22040.0
2021-09-05 05:00,21930.0
2021-09-05 06:00,21780.0
2021-09-05 07:00,23060.0
2021-09-05 08:00,24970.0
2021-09-05 09:00,26060.0
2021-09-05 10:00,27060.0
2021-09-05 11:00,27340.0
2021-09-05 12:00,27960.0
2021-09-05 13:00,27890.0
2021-09-05 14:00,27790.0
2021-09-05 15:00,28250.0
2021-09-05 16:00,28550.0
2021-09-05 17:00,29470.0
2021-09-05 18:00,30520.0
2021-09-05 19:00,29770.0
2021-09-05 20:00,28290.0
2021-09-05 21:00,26800.0
2021-09-05 22:00,25420.0
2021-09-05 23:00,24360.0
2021-09-06 00:00,22840.0
2021-09-06 01:00,21740.0
2021-09-06 02:00,21520.0
2021-09-06 03:00,21930.0
2021-09-06 04:00,22410.0
2021-09-06 05:00,23100.0
2021-09-06 06:00,24610.0
2021-09-06 07:00,27580.0
2021-09-06 08:00,31450.0
2021-09-06 09:00,33370.0
2021-09-06 10:00,33940.0
2021-09-06 11:00,34230.0
2021-09-06 12:00,32830.0
2021-09-06 13:00,33860.0
2021-09-06 14:00,33640.0
2021-09-06 15:00,33760.0
2021-09-06 16:00,33810.0
2021-09-06 17:00,33350.0
2021-09-06 18:00,33490.0
2021-09-06 19:00,31980.0
2021-09-06 20:00,30050.0
2021-09-06 21:00,28380.0
2021-09-06 22:00,27240.0
2021-09-06 23:00,25960.0
2021-09-07 00:00,24150.0
2021-09-07 01:00,22900.0
2021-09-07 02:00,22630.0
2021-09-07 03:00,22970.0
2021-09-07 04:00,23300.0
2021-09-07 05:00,23610.0
2021-09-07 06:00,24570.0
2021-09-07 07:00,26960.0
2021-09-07 08:00,30630.0
2021-09-07 09:00,32870.0
2021-09-07 10:00,33840.0
2021-09-07 11:00,34480.0
2021-09-07 12:00,33410.0
2021-09-07 13:00,34680.0
2021-09-07 14:00,34640.0
2021-09-07 15:00,34390.0
2021-09-07 16:00,34340.0
2021-09-07 17:00,33390.0
2021-09-07 18:00,33390.0
2021-09-07 19:00,31800.0
2021-09-07 20:00,29940.0
2021-09-07 21:00,28310.0
2021-09-07 22:00,27220.0
2021-09-07 23:00,26020.0
2021-09-08 00:00,24150.0
2021-09-08 01:00,23010.0
2021-09-08 02:00,22670.0
2021-09-08 03:00,23020.0
2021-09-08 04:00,23440.0
2021-09-08 05:00,23580.0
2021-09-08 06:00,24360.0
2021-09-08 07:00,27170.0
2021-09-08 08:00,30920.0
2021-09-08 09:00,33980.0
2021-09-08 10:00,34810.0
2021-09-08 11:00,35090.0
2021-09-08 12:00,33620.0
2021-09-08 13:00,34570.0
2021-09-08 14:00,34960.0
2021-09-08 15:00,34930.0
2021-09-08 16:00,34840.0
2021-09-08 17:00,34230.0
2021-09-08 18:00,33780.0
2021-09-08 19:00,32190.0
2021-09-08 20:00,30390.0
2021-09-08 21:00,28740.0
2021-09-08 22:00,27620.0
2021-09-08 23:00,26400.0
2021-09-09 00:00,24590.0
2021-09-09 01:00,23360.0
2021-09-09 02:00,23120.0
2021-09-09 03:00,23460.0
2021-09-09 04:00,23860.0
2021-09-09 05:00,24350.0
2021-09-09 06:00,25820.0
2021-09-09 07:00,28510.0
2021-09-09 08:00,32100.0
2021-09-09 09:00,34420.0
2021-09-09 10:00,34700.0
2021-09-09 11:00,34740.0
2021-09-09 12:00,33660.0
2021-09-09 13:00,34410.0
2021-09-09 14:00,34980.0
2021-09-09 15:00,35150.0
2021-09-09 16:00,35290.0
2021-09-09 17:00,34840.0
2021-09-09 18:00,34840.0
2021-09-09 19:00,33210.0
2021-09-09 20:00,31210.0
2021-09-09 21:00,29410.0
2021-09-09 22:00,28360.0
2021-09-09 23:00,27000.0
2021-09-10 00:00,25040.0
2021-09-10 01:00,23820.0
2021-09-10 02:00,23470.0
2021-09-10 03:00,23790.0
2021-09-10 04:00,24110.0
2021-09-10 05:00,24420.0
2021-09-10 06:00,25530.0
2021-09-10 07:00,28110.0
2021-09-10 08:00,32230.0
2021-09-10 09:00,36740.0
2021-09-10 10:00,39290.0
2021-09-10 11:00,40900.0
2021-09-10 12:00,40490.0
2021-09-10 13:00,41600.0
2021-09-10 14:00,41710.0
2021-09-10 15:00,41220.0
2021-09-10 16:00,40430.0
2021-09-10 17:00,38380.0
2021-09-10 18:00,37570.0
2021-09-10 19:00,35520.0
2021-09-10 20:00,33030.0
2021-09-10 21:00,30910.0
2021-09-10 22:00,29700.0
2021-09-10 23:00,28090.0
2021-09-11 00:00,26020.0
2021-09-11 01:00,24570.0
2021-09-11 02:00,24070.0
2021-09-11 03:00,24100.0
2021-09-11 04:00,24190.0
2021-09-11 05:00,24060.0
2021-09-11 06:00,24230.0
2021-09-11 07:00,25900.0
2021-09-11 08:00,28440.0
2021-09-11 09:00,30510.0
2021-09-11 10:00,31320.0
2021-09-11 11:00,32030.0
2021-09-11 12:00,32030.0
2021-09-11 13:00,33370.0
2021-09-11 14:00,34080.0
2021-09-11 15:00,34040.0
2021-09-11 16:00,33780.0
2021-09-11 17:00,33540.0
2021-09-11 18:00,34310.0
2021-09-11 19:00,33250.0
2021-09-11 20:00,31290.0
2021-09-11 21:00,29470.0
2021-09-11 22:00,28340.0
2021-09-11 23:00,27000.0
2021-09-12 00:00,25030.0
2021-09-12 01:00,23600.0
2021-09-12 02:00,23150.0
2021-09-12 03:00,23320.0
2021-09-12 04:00,23290.0
2021-09-12 05:00,23350.0
2021-09-12 06:00,23470.0
2021-09-12 07:00,24410.0
2021-09-12 08:00,26520.0
2021-09-12 09:00,28810.0
2021-09-12 10:00,29830.0
2021-09-12 11:00,30790.0
2021-09-12 12:00,30630.0
2021-09-12 13:00,30700.0
2021-09-12 14:00,30680.0
2021-09-12 15:00,30670.0
2021-09-12 16:00,31230.0
2021-09-12 17:00,32650.0
2021-09-12 18:00,33430.0
2021-09-12 19:00,32530.0
2021-09-12 20:00,30790.0
2021-09-12 21:00,29050.0
2021-09-12 22:00,27520.0
2021-09-12 23:00,26200.0
2021-09-13 00:00,24410.0
2021-09-13 01:00,23060.0
2021-09-13 02:00,22760.0
2021-09-13 03:00,23060.0
2021-09-13 04:00,23450.0
2021-09-13 05:00,24040.0
2021-09-13 06:00,25240.0
2021-09-13 07:00,28520.0
2021-09-13 08:00,33510.0
2021-09-13 09:00,37910.0
2021-09-13 10:00,39830.0
2021-09-13 11:00,40770.0
2021-09-13 12:00,39580.0
2021-09-13 13:00,41150.0
2021-09-13 14:00,41550.0
2021-09-13 15:00,41370.0
2021-09-13 16:00,40180.0
2021-09-13 17:00,38450.0
2021-09-13 18:00,37790.0
2021-09-13 19:00,35470.0
2021-09-13 20:00,32940.0
2021-09-13 21:00,30860.0
2021-09-13 22:00,29600.0
2021-09-13 23:00,28090.0
2021-09-14 00:00,25880.0
2021-09-14 01:00,24480.0
2021-09-14 02:00,24090.0
2021-09-14 03:00,24260.0
2021-09-14 04:00,24600.0
2021-09-14 05:00,25110.0
2021-09-14 06:00,26330.0
2021-09-14 07:00,28980.0
2021-09-14 08:00,32840.0
2021-09-14 09:00,36440.0
2021-09-14 10:00,37520.0
2021-09-14 11:00,37880.0
2021-09-14 12:00,36400.0
2021-09-14 13:00,37010.0
2021-09-14 14:00,37350.0
2021-09-14 15:00,37010.0
2021-09-14 16:00,37090.0
2021-09-14 17:00,36660.0
2021-09-14 18:00,35990.0
2021-09-14 19:00,34080.0
2021-09-14 20:00,31940.0
2021-09-14 21:00,30050.0
2021-09-14 22:00,28890.0
2021-09-14 23:00,27470.0
2021-09-15 00:00,25480.0
2021-09-15 01:00,24160.0
2021-09-15 02:00,23820.0
2021-09-15 03:00,24020.0
2021-09-15 04:00,24320.0
2021-09-15 05:00,24830.0
2021-09-15 06:00,25860.0
2021-09-15 07:00,28430.0
2021-09-15 08:00,32890.0
2021-09-15 09:00,36360.0
2021-09-15 10:00,37810.0
2021-09-15 11:00,38760.0
2021-09-15 12:00,38480.0
2021-09-15 13:00,39960.0
2021-09-15 14:00,40210.0
2021-09-15 15:00,39650.0
2021-09-15 16:00,38550.0
2021-09-15 17:00,36790.0
2021-09-15 18:00,36230.0
2021-09-15 19:00,34210.0
2021-09-15 20:00,31950.0
2021-09-15 21:00,30070.0
2021-09-15 22:00,28830.0
2021-09-15 23:00,27220.0
2021-09-16 00:00,25270.0
2021-09-16 01:00,23830.0
2021-09-16 02:00,23440.0
2021-09-16 03:00,23730.0
2021-09-16 04:00,24010.0
2021-09-16 05:00,24470.0
2021-09-16 06:00,25500.0
2021-09-16 07:00,28180.0
2021-09-16 08:00,32430.0
2021-09-16 09:00,35410.0
2021-09-16 10:00,36750.0
2021-09-16 11:00,37360.0
2021-09-16 12:00,36410.0
2021-09-16 13:00,37790.0
2021-09-16 14:00,37780.0
2021-09-16 15:00,37130.0
2021-09-16 16:00,36400.0
2021-09-16 17:00,35270.0
2021-09-16 18:00,34900.0
2021-09-16 19:00,32990.0
2021-09-16 20:00,30880.0
2021-09-16 21:00,29130.0
2021-09-16 22:00,27940.0
2021-09-16 23:00,26610.0
2021-09-17 00:00,24640.0
2021-09-17 01:00,23250.0
2021-09-17 02:00,22940.0
2021-09-17 03:00,23240.0
2021-09-17 04:00,23590.0
2021-09-17 05:00,23960.0
2021-09-17 06:00,24940.0
2021-09-17 07:00,27820.0
2021-09-17 08:00,31240.0
2021-09-17 09:00,34130.0
2021-09-17 10:00,35220.0
2021-09-17 11:00,35600.0
2021-09-17 12:00,34490.0
2021-09-17 13:00,35820.0
2021-09-17 14:00,35660.0
2021-09-17 15:00,35420.0
2021-09-17 16:00,35270.0
2021-09-17 17:00,34960.0
2021-09-17 18:00,34550.0
2021-09-17 19:00,32950.0
2021-09-17 20:00,30900.0
2021-09-17 21:00,29150.0
2021-09-17 22:00,28120.0
2021-09-17 23:00,26900.0
2021-09-18 00:00,25130.0
2021-09-18 01:00,23820.0
2021-09-18 02:00,23410.0
2021-09-18 03:00,23690.0
2021-09-18 04:00,23870.0
2021-09-18 05:00,23930.0
2021-09-18 06:00,24390.0
2021-09-18 07:00,26170.0
2021-09-18 08:00,28790.0
2021-09-18 09:00,30940.0
2021-09-18 10:00,31890.0
2021-09-18 11:00,32740.0
2021-09-18 12:00,32770.0
2021-09-18 13:00,32530.0
2021-09-18 14:00,32300.0
2021-09-18 15:00,32080.0
2021-09-18 16:00,32310.0
2021-09-18 17:00,33020.0
2021-09-18 18:00,33370.0
2021-09-18 19:00,32200.0
2021-09-18 20:00,30180.0
2021-09-18 21:00,28410.0
2021-09-18 22:00,27400.0
2021-09-18 23:00,26340.0
2021-09-19 00:00,24590.0
2021-09-19 01:00,23070.0
2021-09-19 02:00,22520.0
2021-09-19 03:00,22670.0
2021-09-19 04:00,22700.0
2021-09-19 05:00,22670.0
2021-09-19 06:00,22650.0
2021-09-19 07:00,23830.0
2021-09-19 08:00,25790.0
2021-09-19 09:00,28290.0
2021-09-19 10:00,29940.0
2021-09-19 11:00,30850.0
2021-09-19 12:00,31270.0
2021-09-19 13:00,30980.0
2021-09-19 14:00,30650.0
2021-09-19 15:00,30410.0
2021-09-19 16:00,30340.0
2021-09-19 17:00,30590.0
2021-09-19 18:00,31180.0
2021-09-19 19:00,30100.0
2021-09-19 20:00,28280.0
2021-09-19 21:00,26680.0
2021-09-19 22:00,25390.0
2021-09-19 23:00,24280.0
2021-09-20 00:00,22750.0
2021-09-20 01:00,21550.0
2021-09-20 02:00,21320.0
2021-09-20 03:00,21650.0
2021-09-20 04:00,21900.0
2021-09-20 05:00,22120.0
2021-09-20 06:00,22150.0
2021-09-20 07:00,23360.0
2021-09-20 08:00,26280.0
2021-09-20 09:00,29160.0
2021-09-20 10:00,30880.0
2021-09-20 11:00,32000.0
2021-09-20 12:00,32180.0
2021-09-20 13:00,32560.0
2021-09-20 14:00,32560.0
2021-09-20 15:00,32270.0
2021-09-20 16:00,32320.0
2021-09-20 17:00,32230.0
2021-09-20 18:00,32490.0
2021-09-20 19:00,31290.0
2021-09-20 20:00,29560.0
2021-09-20 21:00,27920.0
2021-09-20 22:00,26530.0
2021-09-20 23:00,25400.0
2021-09-21 00:00,23680.0
2021-09-21 01:00,22350.0
2021-09-21 02:00,22090.0
2021-09-21 03:00,22490.0
2021-09-21 04:00,22900.0
2021-09-21 05:00,23360.0
2021-09-21 06:00,24410.0
2021-09-21 07:00,26870.0
2021-09-21 08:00,30970.0
2021-09-21 09:00,34710.0
2021-09-21 10:00,36660.0
2021-09-21 11:00,37290.0
2021-09-21 12:00,36730.0
2021-09-21 13:00,38020.0
2021-09-21 14:00,38210.0
2021-09-21 15:00,38170.0
2021-09-21 16:00,37840.0
2021-09-21 17:00,36590.0
2021-09-21 18:00,36100.0
2021-09-21 19:00,34170.0
2021-09-21 20:00,31970.0
2021-09-21 21:00,30050.0
2021-09-21 22:00,28760.0
2021-09-21 23:00,27310.0
2021-09-22 00:00,25280.0
2021-09-22 01:00,23900.0
2021-09-22 02:00,23490.0
2021-09-22 03:00,23780.0
2021-09-22 04:00,24150.0
2021-09-22 05:00,24650.0
2021-09-22 06:00,25930.0
2021-09-22 07:00,28780.0
2021-09-22 08:00,33310.0
2021-09-22 09:00,37610.0
2021-09-22 10:00,39840.0
2021-09-22 11:00,41080.0
2021-09-22 12:00,39890.0
2021-09-22 13:00,41670.0
2021-09-22 14:00,42560.0
2021-09-22 15:00,42650.0
2021-09-22 16:00,42200.0
2021-09-22 17:00,40610.0
2021-09-22 18:00,39690.0
2021-09-22 19:00,37770.0
2021-09-22 20:00,35290.0
2021-09-22 21:00,33150.0
2021-09-22 22:00,31830.0
2021-09-22 23:00,30070.0
2021-09-23 00:00,27780.0
2021-09-23 01:00,26190.0
2021-09-23 02:00,25610.0
2021-09-23 03:00,25660.0
2021-09-23 04:00,25600.0
2021-09-23 05:00,25640.0
2021-09-23 06:00,26260.0
2021-09-23 07:00,28710.0
2021-09-23 08:00,32750.0
2021-09-23 09:00,36230.0
2021-09-23 10:00,38080.0
2021-09-23 11:00,39460.0
2021-09-23 12:00,39940.0
2021-09-23 13:00,40740.0
2021-09-23 14:00,40810.0
2021-09-23 15:00,40340.0
2021-09-23 16:00,39470.0
2021-09-23 17:00,38570.0
2021-09-23 18:00,38500.0
2021-09-23 19:00,36690.0
2021-09-23 20:00,34250.0
2021-09-23 21:00,32140.0
2021-09-23 22:00,30200.0
2021-09-23 23:00,28390.0
2021-09-24 00:00,26220.0
2021-09-24 01:00,24620.0
2021-09-24 02:00,24090.0
2021-09-24 03:00,24240.0
2021-09-24 04:00,24480.0
2021-09-24 05:00,24930.0
2021-09-24 06:00,26000.0
2021-09-24 07:00,28900.0
2021-09-24 08:00,33690.0
2021-09-24 09:00,38080.0
2021-09-24 10:00,40400.0
2021-09-24 11:00,41760.0
2021-09-24 12:00,41310.0
2021-09-24 13:00,41990.0
2021-09-24 14:00,42340.0
2021-09-24 15:00,41590.0
2021-09-24 16:00,40520.0
2021-09-24 17:00,38900.0
2021-09-24 18:00,37990.0
2021-09-24 19:00,35920.0
2021-09-24 20:00,33410.0
2021-09-24 21:00,31230.0
2021-09-24 22:00,29990.0
2021-09-24 23:00,28320.0
2021-09-25 00:00,26170.0
2021-09-25 01:00,24510.0
2021-09-25 02:00,23850.0
2021-09-25 03:00,23880.0
2021-09-25 04:00,23900.0
2021-09-25 05:00,23840.0
2021-09-25 06:00,23990.0
2021-09-25 07:00,25540.0
2021-09-25 08:00,27830.0
2021-09-25 09:00,29390.0
2021-09-25 10:00,30080.0
2021-09-25 11:00,30140.0
2021-09-25 12:00,30000.0
2021-09-25 13:00,30340.0
2021-09-25 14:00,29920.0
2021-09-25 15:00,29760.0
2021-09-25 16:00,29820.0
2021-09-25 17:00,30430.0
2021-09-25 18:00,30610.0
2021-09-25 19:00,29530.0
2021-09-25 20:00,27870.0
2021-09-25 21:00,26180.0
2021-09-25 22:00,25320.0
2021-09-25 23:00,24420.0
2021-09-26 00:00,22810.0
2021-09-26 01:00,21670.0
2021-09-26 02:00,21380.0
2021-09-26 03:00,21700.0
2021-09-26 04:00,21860.0
2021-09-26 05:00,21980.0
2021-09-26 06:00,21700.0
2021-09-26 07:00,22540.0
2021-09-26 08:00,24510.0
2021-09-26 09:00,26090.0
2021-09-26 10:00,26510.0
2021-09-26 11:00,26850.0
2021-09-26 12:00,26950.0
2021-09-26 13:00,26720.0
2021-09-26 14:00,26620.0
2021-09-26 15:00,26850.0
2021-09-26 16:00,27230.0
2021-09-26 17:00,28830.0
2021-09-26 18:00,29570.0
2021-09-26 19:00,28780.0
2021-09-26 20:00,27270.0
2021-09-26 21:00,25850.0
2021-09-26 22:00,24580.0
2021-09-26 23:00,23610.0
2021-09-27 00:00,22110.0
2021-09-27 01:00,21130.0
2021-09-27 02:00,21010.0
2021-09-27 03:00,21540.0
2021-09-27 04:00,21960.0
2021-09-27 05:00,22690.0
2021-09-27 06:00,24050.0
2021-09-27 07:00,26340.0
2021-09-27 08:00,30020.0
2021-09-27 09:00,32930.0
2021-09-27 10:00,33610.0
2021-09-27 11:00,33740.0
2021-09-27 12:00,32460.0
2021-09-27 13:00,33480.0
2021-09-27 14:00,33590.0
2021-09-27 15:00,34020.0
2021-09-27 16:00,34020.0
2021-09-27 17:00,33660.0
2021-09-27 18:00,33420.0
2021-09-27 19:00,31640.0
2021-09-27 20:00,29700.0
2021-09-27 21:00,28060.0
2021-09-27 22:00,26960.0
2021-09-27 23:00,25700.0
2021-09-28 00:00,23840.0
2021-09-28 01:00,22580.0
2021-09-28 02:00,22370.0
2021-09-28 03:00,22800.0
2021-09-28 04:00,23280.0
2021-09-28 05:00,23770.0
2021-09-28 06:00,24910.0
2021-09-28 07:00,27210.0
2021-09-28 08:00,30620.0
2021-09-28 09:00,33240.0
2021-09-28 10:00,34170.0
2021-09-28 11:00,34100.0
2021-09-28 12:00,33700.0
2021-09-28 13:00,35220.0
2021-09-28 14:00,35530.0
2021-09-28 15:00,35200.0
2021-09-28 16:00,34970.0
2021-09-28 17:00,34540.0
2021-09-28 18:00,34080.0
2021-09-28 19:00,32300.0
2021-09-28 20:00,30250.0
2021-09-28 21:00,28430.0
2021-09-28 22:00,27410.0
2021-09-28 23:00,26100.0
2021-09-29 00:00,24180.0
2021-09-29 01:00,22960.0
2021-09-29 02:00,22690.0
2021-09-29 03:00,23010.0
2021-09-29 04:00,23350.0
2021-09-29 05:00,23790.0
2021-09-29 06:00,24610.0
2021-09-29 07:00,26880.0
2021-09-29 08:00,30660.0
2021-09-29 09:00,34100.0
2021-09-29 10:00,36090.0
2021-09-29 11:00,36200.0
2021-09-29 12:00,35030.0
2021-09-29 13:00,36000.0
2021-09-29 14:00,36340.0
2021-09-29 15:00,36050.0
2021-09-29 16:00,35800.0
2021-09-29 17:00,35140.0
2021-09-29 18:00,34600.0
2021-09-29 19:00,32920.0
2021-09-29 20:00,30930.0
2021-09-29 21:00,29130.0
2021-09-29 22:00,28020.0
2021-09-29 23:00,26670.0
2021-09-30 00:00,24760.0
2021-09-30 01:00,23420.0
2021-09-30 02:00,23070.0
2021-09-30 03:00,23380.0
2021-09-30 04:00,23590.0
2021-09-30 05:00,24010.0
2021-09-30 06:00,25100.0
2021-09-30 07:00,27690.0
2021-09-30 08:00,31760.0
2021-09-30 09:00,35380.0
2021-09-30 10:00,36930.0
2021-09-30 11:00,37170.0
2021-09-30 12:00,36850.0
2021-09-30 13:00,38020.0
2021-09-30 14:00,37740.0
2021-09-30 15:00,36650.0
2021-09-30 16:00,36710.0
2021-09-30 17:00,36570.0
2021-09-30 18:00,35590.0
2021-09-30 19:00,33830.0
2021-09-30 20:00,31800.0
2021-09-30 21:00,29990.0
2021-09-30 22:00,28730.0
2021-09-30 23:00,27180.0
2021-10-01 00:00,25140.0
2021-10-01 01:00,23810.0
2021-10-01 02:00,23420.0
2021-10-01 03:00,23660.0
2021-10-01 04:00,23930.0
2021-10-01 05:00,24400.0
2021-10-01 06:00,26040.0
2021-10-01 07:00,28790.0
2021-10-01 08:00,32480.0
2021-10-01 09:00,35170.0
2021-10-01 10:00,35740.0
2021-10-01 11:00,35840.0
2021-10-01 12:00,34510.0
2021-10-01 13:00,34930.0
2021-10-01 14:00,34590.0
2021-10-01 15:00,34010.0
2021-10-01 16:00,33950.0
2021-10-01 17:00,33690.0
2021-10-01 18:00,33050.0
2021-10-01 19:00,31570.0
2021-10-01 20:00,29880.0
2021-10-01 21:00,27970.0
2021-10-01 22:00,26800.0
2021-10-01 23:00,25560.0
2021-10-02 00:00,23800.0
2021-10-02 01:00,22580.0
2021-10-02 02:00,22390.0
2021-10-02 03:00,22660.0
2021-10-02 04:00,22820.0
2021-10-02 05:00,22800.0
2021-10-02 06:00,22610.0
2021-10-02 07:00,23550.0
2021-10-02 08:00,25820.0
2021-10-02 09:00,28570.0
2021-10-02 10:00,30270.0
2021-10-02 11:00,31330.0
2021-10-02 12:00,31610.0
2021-10-02 13:00,31970.0
2021-10-02 14:00,32090.0
2021-10-02 15:00,31700.0
2021-10-02 16:00,31660.0
2021-10-02 17:00,31860.0
2021-10-02 18:00,32160.0
2021-10-02 19:00,31090.0
2021-10-02 20:00,29190.0
2021-10-02 21:00,27210.0
2021-10-02 22:00,25940.0
2021-10-02 23:00,24690.0
2021-10-03 00:00,22930.0
2021-10-03 01:00,21630.0
2021-10-03 02:00,21290.0
2021-10-03 03:00,21600.0
2021-10-03 04:00,21860.0
2021-10-03 05:00,21840.0
2021-10-03 06:00,21470.0
2021-10-03 07:00,22340.0
2021-10-03 08:00,24340.0
2021-10-03 09:00,26670.0
2021-10-03 10:00,28380.0
2021-10-03 11:00,29350.0
2021-10-03 12:00,30100.0
2021-10-03 13:00,29570.0
2021-10-03 14:00,29220.0
2021-10-03 15:00,29220.0
2021-10-03 16:00,29270.0
2021-10-03 17:00,30270.0
2021-10-03 18:00,30780.0
2021-10-03 19:00,29850.0
2021-10-03 20:00,28560.0
2021-10-03 21:00,26920.0
2021-10-03 22:00,25440.0
2021-10-03 23:00,24290.0
2021-10-04 00:00,22700.0
2021-10-04 01:00,21590.0
2021-10-04 02:00,21470.0
2021-10-04 03:00,21970.0
2021-10-04 04:00,22390.0
2021-10-04 05:00,23050.0
2021-10-04 06:00,24360.0
2021-10-04 07:00,26800.0
2021-10-04 08:00,31130.0
2021-10-04 09:00,35390.0
2021-10-04 10:00,37560.0
2021-10-04 11:00,38730.0
2021-10-04 12:00,38250.0
2021-10-04 13:00,39940.0
2021-10-04 14:00,40300.0
2021-10-04 15:00,39780.0
2021-10-04 16:00,39070.0
2021-10-04 17:00,37790.0
2021-10-04 18:00,36820.0
2021-10-04 19:00,34770.0
2021-10-04 20:00,32640.0
2021-10-04 21:00,30540.0
2021-10-04 22:00,29080.0
2021-10-04 23:00,27680.0
2021-10-05 00:00,25530.0
2021-10-05 01:00,24150.0
2021-10-05 02:00,23760.0
2021-10-05 03:00,23970.0
2021-10-05 04:00,24270.0
2021-10-05 05:00,24610.0
2021-10-05 06:00,25650.0
2021-10-05 07:00,28330.0
2021-10-05 08:00,32730.0
2021-10-05 09:00,36760.0
2021-10-05 10:00,38570.0
2021-10-05 11:00,39540.0
2021-10-05 12:00,39380.0
2021-10-05 13:00,41010.0
2021-10-05 14:00,41210.0
2021-10-05 15:00,40360.0
2021-10-05 16:00,39030.0
2021-10-05 17:00,37990.0
2021-10-05 18:00,37010.0
2021-10-05 19:00,35090.0
2021-10-05 20:00,32950.0
2021-10-05 21:00,30760.0
2021-10-05 22:00,29190.0
2021-10-05 23:00,27690.0
2021-10-06 00:00,25510.0
2021-10-06 01:00,24130.0
2021-10-06 02:00,23820.0
2021-10-06 03:00,24040.0
2021-10-06 04:00,24340.0
2021-10-06 05:00,24730.0
2021-10-06 06:00,25490.0
2021-10-06 07:00,28440.0
2021-10-06 08:00,32750.0
2021-10-06 09:00,36880.0
2021-10-06 10:00,38830.0
2021-10-06 11:00,39720.0
2021-10-06 12:00,39290.0
2021-10-06 13:00,40090.0
2021-10-06 14:00,38980.0
2021-10-06 15:00,37740.0
2021-10-06 16:00,36680.0
2021-10-06 17:00,35930.0
2021-10-06 18:00,34800.0
2021-10-06 19:00,33010.0
2021-10-06 20:00,31100.0
2021-10-06 21:00,29190.0
2021-10-06 22:00,27900.0
2021-10-06 23:00,26510.0
2021-10-07 00:00,24630.0
2021-10-07 01:00,23310.0
2021-10-07 02:00,23030.0
2021-10-07 03:00,23410.0
2021-10-07 04:00,23730.0
2021-10-07 05:00,24300.0
2021-10-07 06:00,25760.0
2021-10-07 07:00,28240.0
2021-10-07 08:00,31410.0
2021-10-07 09:00,33460.0
2021-10-07 10:00,34010.0
2021-10-07 11:00,33680.0
2021-10-07 12:00,33070.0
2021-10-07 13:00,34440.0
2021-10-07 14:00,35040.0
2021-10-07 15:00,35070.0
2021-10-07 16:00,35280.0
2021-10-07 17:00,35390.0
2021-10-07 18:00,34650.0
2021-10-07 19:00,33020.0
2021-10-07 20:00,31280.0
2021-10-07 21:00,29340.0
2021-10-07 22:00,28010.0
2021-10-07 23:00,26730.0
2021-10-08 00:00,25170.0
2021-10-08 01:00,23910.0
2021-10-08 02:00,23540.0
2021-10-08 03:00,23760.0
2021-10-08 04:00,24000.0
2021-10-08 05:00,24460.0
2021-10-08 06:00,25510.0
2021-10-08 07:00,27750.0
2021-10-08 08:00,31690.0
2021-10-08 09:00,35510.0
2021-10-08 10:00,37560.0
2021-10-08 11:00,38830.0
2021-10-08 12:00,38820.0
2021-10-08 13:00,40700.0
2021-10-08 14:00,40950.0
2021-10-08 15:00,40370.0
2021-10-08 16:00,39340.0
2021-10-08 17:00,38010.0
2021-10-08 18:00,36820.0
2021-10-08 19:00,34910.0
2021-10-08 20:00,32830.0
2021-10-08 21:00,30540.0
2021-10-08 22:00,29120.0
2021-10-08 23:00,27550.0
2021-10-09 00:00,25380.0
2021-10-09 01:00,23830.0
2021-10-09 02:00,23400.0
2021-10-09 03:00,23520.0
2021-10-09 04:00,23580.0
2021-10-09 05:00,23620.0
2021-10-09 06:00,23790.0
2021-10-09 07:00,25360.0
2021-10-09 08:00,27550.0
2021-10-09 09:00,29470.0
2021-10-09 10:00,30570.0
2021-10-09 11:00,30920.0
2021-10-09 12:00,31100.0
2021-10-09 13:00,31450.0
2021-10-09 14:00,31060.0
2021-10-09 15:00,30860.0
2021-10-09 16:00,30290.0
2021-10-09 17:00,31040.0
2021-10-09 18:00,30990.0
2021-10-09 19:00,30030.0
2021-10-09 20:00,28610.0
2021-10-09 21:00,26890.0
2021-10-09 22:00,25670.0
2021-10-09 23:00,24590.0
2021-10-10 00:00,22970.0
2021-10-10 01:00,21800.0
2021-10-10 02:00,21510.0
2021-10-10 03:00,21830.0
2021-10-10 04:00,22080.0
2021-10-10 05:00,22050.0
2021-10-10 06:00,22060.0
2021-10-10 07:00,23370.0
2021-10-10 08:00,24880.0
2021-10-10 09:00,26250.0
2021-10-10 10:00,27320.0
2021-10-10 11:00,27810.0
2021-10-10 12:00,28740.0
2021-10-10 13:00,28970.0
2021-10-10 14:00,29310.0
2021-10-10 15:00,29600.0
2021-10-10 16:00,29650.0
2021-10-10 17:00,30880.0
2021-10-10 18:00,31340.0
2021-10-10 19:00,30520.0
2021-10-10 20:00,29270.0
2021-10-10 21:00,27480.0
2021-10-10 22:00,25990.0
2021-10-10 23:00,24790.0
2021-10-11 00:00,23160.0
2021-10-11 01:00,21920.0
2021-10-11 02:00,21660.0
2021-10-11 03:00,22120.0
2021-10-11 04:00,22590.0
2021-10-11 05:00,23270.0
2021-10-11 06:00,24550.0
2021-10-11 07:00,27250.0
2021-10-11 08:00,31700.0
2021-10-11 09:00,35690.0
2021-10-11 10:00,37050.0
2021-10-11 11:00,37980.0
2021-10-11 12:00,38130.0
2021-10-11 13:00,39980.0
2021-10-11 14:00,40360.0
2021-10-11 15:00,39970.0
2021-10-11 16:00,39260.0
2021-10-11 17:00,38200.0
2021-10-11 18:00,37040.0
2021-10-11 19:00,35110.0
2021-10-11 20:00,33160.0
2021-10-11 21:00,30980.0
2021-10-11 22:00,29520.0
2021-10-11 23:00,27940.0
2021-10-12 00:00,25740.0
2021-10-12 01:00,24280.0
2021-10-12 02:00,23950.0
2021-10-12 03:00,24200.0
2021-10-12 04:00,24430.0
2021-10-12 05:00,24990.0
2021-10-12 06:00,26400.0
2021-10-12 07:00,28960.0
2021-10-12 08:00,32670.0
2021-10-12 09:00,35090.0
2021-10-12 10:00,35890.0
2021-10-12 11:00,35820.0
2021-10-12 12:00,34590.0
2021-10-12 13:00,35570.0
2021-10-12 14:00,35550.0
2021-10-12 15:00,35190.0
2021-10-12 16:00,35400.0
2021-10-12 17:00,35250.0
2021-10-12 18:00,34310.0
2021-10-12 19:00,32720.0
2021-10-12 20:00,30940.0
2021-10-12 21:00,29070.0
2021-10-12 22:00,27890.0
2021-10-12 23:00,26520.0
2021-10-13 00:00,24650.0
2021-10-13 01:00,23460.0
2021-10-13 02:00,23190.0
2021-10-13 03:00,23490.0
2021-10-13 04:00,23830.0
2021-10-13 05:00,24350.0
2021-10-13 06:00,25890.0
2021-10-13 07:00,28480.0
2021-10-13 08:00,31810.0
2021-10-13 09:00,34140.0
2021-10-13 10:00,34530.0
2021-10-13 11:00,34370.0
2021-10-13 12:00,32910.0
2021-10-13 13:00,34000.0
2021-10-13 14:00,34000.0
2021-10-13 15:00,33900.0
2021-10-13 16:00,34280.0
2021-10-13 17:00,34160.0
2021-10-13 18:00,33320.0
2021-10-13 19:00,31840.0
2021-10-13 20:00,30180.0
2021-10-13 21:00,28310.0
2021-10-13 22:00,27120.0
2021-10-13 23:00,25850.0
2021-10-14 00:00,24060.0
2021-10-14 01:00,22780.0
2021-10-14 02:00,22630.0
2021-10-14 03:00,23050.0
2021-10-14 04:00,23400.0
2021-10-14 05:00,24020.0
2021-10-14 06:00,25180.0
2021-10-14 07:00,27160.0
2021-10-14 08:00,30100.0
2021-10-14 09:00,32400.0
2021-10-14 10:00,34070.0
2021-10-14 11:00,34360.0
2021-10-14 12:00,33640.0
2021-10-14 13:00,34830.0
2021-10-14 14:00,34960.0
2021-10-14 15:00,34690.0
2021-10-14 16:00,34630.0
2021-10-14 17:00,34360.0
2021-10-14 18:00,33720.0
2021-10-14 19:00,32090.0
2021-10-14 20:00,30360.0
2021-10-14 21:00,28550.0
2021-10-14 22:00,27280.0
2021-10-14 23:00,25890.0
2021-10-15 00:00,24000.0
2021-10-15 01:00,22770.0
2021-10-15 02:00,22620.0
2021-10-15 03:00,23040.0
2021-10-15 04:00,23430.0
2021-10-15 05:00,24100.0
2021-10-15 06:00,25130.0
2021-10-15 07:00,27190.0
2021-10-15 08:00,30220.0
2021-10-15 09:00,33050.0
2021-10-15 10:00,34360.0
2021-10-15 11:00,34860.0
2021-10-15 12:00,34280.0
2021-10-15 13:00,35650.0
2021-10-15 14:00,35770.0
2021-10-15 15:00,35240.0
2021-10-15 16:00,34750.0
2021-10-15 17:00,34560.0
2021-10-15 18:00,33780.0
2021-10-15 19:00,32270.0
2021-10-15 20:00,30550.0
2021-10-15 21:00,28620.0
2021-10-15 22:00,27500.0
2021-10-15 23:00,26150.0
2021-10-16 00:00,24240.0
2021-10-16 01:00,22990.0
2021-10-16 02:00,22750.0
2021-10-16 03:00,22990.0
2021-10-16 04:00,23140.0
2021-10-16 05:00,23160.0
2021-10-16 06:00,23400.0
2021-10-16 07:00,24990.0
2021-10-16 08:00,26960.0
2021-10-16 09:00,28430.0
2021-10-16 10:00,29120.0
2021-10-16 11:00,29660.0
2021-10-16 12:00,29560.0
2021-10-16 13:00,29650.0
2021-10-16 14:00,29400.0
2021-10-16 15:00,29430.0
2021-10-16 16:00,29770.0
2021-10-16 17:00,30620.0
2021-10-16 18:00,30400.0
2021-10-16 19:00,29530.0
2021-10-16 20:00,28290.0
2021-10-16 21:00,26700.0
2021-10-16 22:00,25590.0
2021-10-16 23:00,24540.0
2021-10-17 00:00,22950.0
2021-10-17 01:00,21830.0
2021-10-17 02:00,21650.0
2021-10-17 03:00,22010.0
2021-10-17 04:00,22110.0
2021-10-17 05:00,22120.0
2021-10-17 06:00,22450.0
2021-10-17 07:00,23650.0
2021-10-17 08:00,25230.0
2021-10-17 09:00,26730.0
2021-10-17 10:00,27400.0
2021-10-17 11:00,27250.0
2021-10-17 12:00,27050.0
2021-10-17 13:00,26930.0
2021-10-17 14:00,26360.0
2021-10-17 15:00,26590.0
2021-10-17 16:00,27310.0
2021-10-17 17:00,29340.0
2021-10-17 18:00,29670.0
2021-10-17 19:00,29030.0
2021-10-17 20:00,27940.0
2021-10-17 21:00,26520.0
2021-10-17 22:00,25060.0
2021-10-17 23:00,23850.0
2021-10-18 00:00,22170.0
2021-10-18 01:00,21260.0
2021-10-18 02:00,21200.0
2021-10-18 03:00,21870.0
2021-10-18 04:00,22550.0
2021-10-18 05:00,23640.0
2021-10-18 06:00,25200.0
2021-10-18 07:00,26440.0
2021-10-18 08:00,28990.0
2021-10-18 09:00,31380.0
2021-10-18 10:00,32210.0
2021-10-18 11:00,32450.0
2021-10-18 12:00,31460.0
2021-10-18 13:00,32270.0
2021-10-18 14:00,32330.0
2021-10-18 15:00,31920.0
2021-10-18 16:00,32340.0
2021-10-18 17:00,33320.0
2021-10-18 18:00,33100.0
2021-10-18 19:00,32040.0
2021-10-18 20:00,30710.0
2021-10-18 21:00,29040.0
2021-10-18 22:00,27690.0
2021-10-18 23:00,26290.0
2021-10-19 00:00,24410.0
2021-10-19 01:00,23110.0
2021-10-19 02:00,23010.0
2021-10-19 03:00,23640.0
2021-10-19 04:00,24020.0
2021-10-19 05:00,25010.0
2021-10-19 06:00,27050.0
2021-10-19 07:00,29470.0
2021-10-19 08:00,32760.0
2021-10-19 09:00,35150.0
2021-10-19 10:00,35230.0
2021-10-19 11:00,35050.0
2021-10-19 12:00,33690.0
2021-10-19 13:00,34550.0
2021-10-19 14:00,34320.0
2021-10-19 15:00,33900.0
2021-10-19 16:00,34450.0
2021-10-19 17:00,35230.0
2021-10-19 18:00,34760.0
2021-10-19 19:00,33370.0
2021-10-19 20:00,31800.0
2021-10-19 21:00,29920.0
2021-10-19 22:00,28450.0
2021-10-19 23:00,26840.0
2021-10-20 00:00,24780.0
2021-10-20 01:00,23590.0
2021-10-20 02:00,23450.0
2021-10-20 03:00,23810.0
2021-10-20 04:00,24260.0
2021-10-20 05:00,25100.0
2021-10-20 06:00,26480.0
2021-10-20 07:00,27800.0
2021-10-20 08:00,30000.0
2021-10-20 09:00,31850.0
2021-10-20 10:00,32480.0
2021-10-20 11:00,32720.0
2021-10-20 12:00,31610.0
2021-10-20 13:00,32400.0
2021-10-20 14:00,32330.0
2021-10-20 15:00,32220.0
2021-10-20 16:00,32770.0
2021-10-20 17:00,33470.0
2021-10-20 18:00,33130.0
2021-10-20 19:00,32080.0
2021-10-20 20:00,30880.0
2021-10-20 21:00,29200.0
2021-10-20 22:00,27860.0
2021-10-20 23:00,26410.0
2021-10-21 00:00,24490.0
2021-10-21 01:00,23320.0
2021-10-21 02:00,23340.0
2021-10-21 03:00,23840.0
2021-10-21 04:00,24330.0
2021-10-21 05:00,25350.0
2021-10-21 06:00,27060.0
2021-10-21 07:00,28440.0
2021-10-21 08:00,30770.0
2021-10-21 09:00,32660.0
2021-10-21 10:00,33220.0
2021-10-21 11:00,33460.0
2021-10-21 12:00,32200.0
2021-10-21 13:00,33330.0
2021-10-21 14:00,33110.0
2021-10-21 15:00,32830.0
2021-10-21 16:00,33530.0
2021-10-21 17:00,34150.0
2021-10-21 18:00,33800.0
2021-10-21 19:00,32620.0
2021-10-21 20:00,31160.0
2021-10-21 21:00,29410.0
2021-10-21 22:00,27890.0
2021-10-21 23:00,26390.0
2021-10-22 00:00,24380.0
2021-10-22 01:00,23150.0
2021-10-22 02:00,23130.0
2021-10-22 03:00,23610.0
2021-10-22 04:00,23990.0
2021-10-22 05:00,24960.0
2021-10-22 06:00,27530.0
2021-10-22 07:00,30470.0
2021-10-22 08:00,33910.0
2021-10-22 09:00,36300.0
2021-10-22 10:00,36730.0
2021-10-22 11:00,36920.0
2021-10-22 12:00,35770.0
2021-10-22 13:00,36680.0
2021-10-22 14:00,36620.0
2021-10-22 15:00,36430.0
2021-10-22 16:00,36990.0
2021-10-22 17:00,37090.0
2021-10-22 18:00,36230.0
2021-10-22 19:00,34810.0
2021-10-22 20:00,33240.0
2021-10-22 21:00,31250.0
2021-10-22 22:00,29650.0
2021-10-22 23:00,27730.0
2021-10-23 00:00,25410.0
2021-10-23 01:00,24110.0
2021-10-23 02:00,23880.0
2021-10-23 03:00,24200.0
2021-10-23 04:00,24420.0
2021-10-23 05:00,24810.0
2021-10-23 06:00,25390.0
2021-10-23 07:00,25680.0
2021-10-23 08:00,26830.0
2021-10-23 09:00,27950.0
2021-10-23 10:00,28490.0
2021-10-23 11:00,28500.0
2021-10-23 12:00,28020.0
2021-10-23 13:00,27570.0
2021-10-23 14:00,27080.0
2021-10-23 15:00,27320.0
2021-10-23 16:00,28280.0
2021-10-23 17:00,30240.0
2021-10-23 18:00,30700.0
2021-10-23 19:00,30310.0
2021-10-23 20:00,29480.0
2021-10-23 21:00,28010.0
2021-10-23 22:00,26870.0
2021-10-23 23:00,25560.0
2021-10-24 00:00,23740.0
2021-10-24 01:00,22690.0
2021-10-24 02:00,22650.0
2021-10-24 03:00,23070.0
2021-10-24 04:00,23340.0
2021-10-24 05:00,23800.0
2021-10-24 06:00,24150.0
2021-10-24 07:00,24470.0
2021-10-24 08:00,25460.0
2021-10-24 09:00,26520.0
2021-10-24 10:00,26710.0
2021-10-24 11:00,26830.0
2021-10-24 12:00,26710.0
2021-10-24 13:00,26340.0
2021-10-24 14:00,26060.0
2021-10-24 15:00,26330.0
2021-10-24 16:00,27440.0
2021-10-24 17:00,29590.0
2021-10-24 18:00,30150.0
2021-10-24 19:00,29770.0
2021-10-24 20:00,29010.0
2021-10-24 21:00,27490.0
2021-10-24 22:00,25930.0
2021-10-24 23:00,24670.0
2021-10-25 00:00,22880.0
2021-10-25 01:00,21920.0
2021-10-25 02:00,22020.0
2021-10-25 03:00,22640.0
2021-10-25 04:00,23210.0
2021-10-25 05:00,24520.0
2021-10-25 06:00,26640.0
2021-10-25 07:00,28600.0
2021-10-25 08:00,31390.0
2021-10-25 09:00,32890.0
2021-10-25 10:00,34840.0
2021-10-25 11:00,34230.0
2021-10-25 12:00,33390.0
2021-10-25 13:00,34500.0
2021-10-25 14:00,34510.0
2021-10-25 15:00,34410.0
2021-10-25 16:00,35350.0
2021-10-25 17:00,35980.0
2021-10-25 18:00,35280.0
2021-10-25 19:00,33920.0
2021-10-25 20:00,32440.0
2021-10-25 21:00,30590.0
2021-10-25 22:00,29010.0
2021-10-25 23:00,27420.0
2021-10-26 00:00,25370.0
2021-10-26 01:00,24270.0
2021-10-26 02:00,24210.0
2021-10-26 03:00,24560.0
2021-10-26 04:00,24880.0
2021-10-26 05:00,25770.0
2021-10-26 06:00,28030.0
2021-10-26 07:00,30540.0
2021-10-26 08:00,32770.0
2021-10-26 09:00,34010.0
2021-10-26 10:00,34660.0
2021-10-26 11:00,33810.0
2021-10-26 12:00,32690.0
2021-10-26 13:00,33550.0
2021-10-26 14:00,33350.0
2021-10-26 15:00,33070.0
2021-10-26 16:00,33570.0
2021-10-26 17:00,34280.0
2021-10-26 18:00,33810.0
2021-10-26 19:00,32640.0
2021-10-26 20:00,31330.0
2021-10-26 21:00,29680.0
2021-10-26 22:00,28280.0
2021-10-26 23:00,26740.0
2021-10-27 00:00,24610.0
2021-10-27 01:00,23560.0
2021-10-27 02:00,23470.0
2021-10-27 03:00,23840.0
2021-10-27 04:00,24250.0
2021-10-27 05:00,25100.0
2021-10-27 06:00,26880.0
2021-10-27 07:00,29370.0
2021-10-27 08:00,32220.0
2021-10-27 09:00,34280.0
2021-10-27 10:00,34680.0
2021-10-27 11:00,34210.0
2021-10-27 12:00,33220.0
2021-10-27 13:00,34460.0
2021-10-27 14:00,34370.0
2021-10-27 15:00,34400.0
2021-10-27 16:00,35140.0
2021-10-27 17:00,35500.0
2021-10-27 18:00,34750.0
2021-10-27 19:00,33470.0
2021-10-27 20:00,31980.0
2021-10-27 21:00,30120.0
2021-10-27 22:00,28610.0
2021-10-27 23:00,26850.0
2021-10-28 00:00,24770.0
2021-10-28 01:00,23590.0
2021-10-28 02:00,23620.0
2021-10-28 03:00,23990.0
2021-10-28 04:00,24390.0
2021-10-28 05:00,25250.0
2021-10-28 06:00,26880.0
2021-10-28 07:00,28760.0
2021-10-28 08:00,31000.0
2021-10-28 09:00,32570.0
2021-10-28 10:00,33220.0
2021-10-28 11:00,33330.0
2021-10-28 12:00,32130.0
2021-10-28 13:00,33190.0
2021-10-28 14:00,33140.0
2021-10-28 15:00,32920.0
2021-10-28 16:00,33180.0
2021-10-28 17:00,33750.0
2021-10-28 18:00,33130.0
2021-10-28 19:00,31990.0
2021-10-28 20:00,30630.0
2021-10-28 21:00,29090.0
2021-10-28 22:00,27840.0
2021-10-28 23:00,26320.0
2021-10-29 00:00,24320.0
2021-10-29 01:00,23370.0
2021-10-29 02:00,23360.0
2021-10-29 03:00,23850.0
2021-10-29 04:00,24450.0
2021-10-29 05:00,25490.0
2021-10-29 06:00,27600.0
2021-10-29 07:00,29170.0
2021-10-29 08:00,30840.0
2021-10-29 09:00,32360.0
2021-10-29 10:00,32490.0
2021-10-29 11:00,32540.0
2021-10-29 12:00,31340.0
2021-10-29 13:00,32020.0
2021-10-29 14:00,32010.0
2021-10-29 15:00,31970.0
2021-10-29 16:00,32640.0
2021-10-29 17:00,33380.0
2021-10-29 18:00,32930.0
2021-10-29 19:00,31900.0
2021-10-29 20:00,30690.0
2021-10-29 21:00,29150.0
2021-10-29 22:00,27980.0
2021-10-29 23:00,26450.0
2021-10-30 00:00,24630.0
2021-10-30 01:00,23620.0
2021-10-30 02:00,23540.0
2021-10-30 03:00,23840.0
2021-10-30 04:00,24060.0
2021-10-30 05:00,24510.0
2021-10-30 06:00,25130.0
2021-10-30 07:00,25570.0
2021-10-30 08:00,26580.0
2021-10-30 09:00,27770.0
2021-10-30 10:00,27960.0
2021-10-30 11:00,28110.0
2021-10-30 12:00,27590.0
2021-10-30 13:00,27400.0
2021-10-30 14:00,27110.0
2021-10-30 15:00,27260.0
2021-10-30 16:00,27970.0
2021-10-30 17:00,29570.0
2021-10-30 18:00,29670.0
2021-10-30 19:00,29170.0
2021-10-30 20:00,28290.0
2021-10-30 21:00,26940.0
2021-10-30 22:00,25880.0
2021-10-30 23:00,24760.0
2021-10-31 00:00,22990.0
2021-10-31 01:00,22020.0
2021-10-31 02:00,22050.0
2021-10-31 03:00,22420.0
2021-10-31 04:00,22620.0
2021-10-31 05:00,22900.0
2021-10-31 06:00,22980.0
2021-10-31 07:00,23940.0
2021-10-31 08:00,25420.0
2021-10-31 09:00,26810.0
2021-10-31 10:00,27590.0
2021-10-31 11:00,27890.0
2021-10-31 12:00,28380.0
2021-10-31 13:00,27650.0
2021-10-31 14:00,27650.0
2021-10-31 15:00,28130.0
2021-10-31 16:00,29370.0
2021-10-31 17:00,31050.0
2021-10-31 18:00,31260.0
2021-10-31 19:00,30540.0
2021-10-31 20:00,29570.0
2021-10-31 21:00,28070.0
2021-10-31 22:00,26440.0
2021-10-31 23:00,25160.0
2021-11-01 00:00,23230.0
2021-11-01 01:00,22080.0
2021-11-01 02:00,22140.0
2021-11-01 03:00,22670.0
2021-11-01 04:00,23100.0
2021-11-01 05:00,24230.0
2021-11-01 06:00,26530.0
2021-11-01 07:00,28540.0
2021-11-01 08:00,31170.0
2021-11-01 09:00,33110.0
2021-11-01 10:00,33160.0
2021-11-01 11:00,33230.0
2021-11-01 12:00,32770.0
2021-11-01 13:00,33410.0
2021-11-01 14:00,32870.0
2021-11-01 15:00,32880.0
2021-11-01 16:00,33700.0
2021-11-01 17:00,34160.0
2021-11-01 18:00,33490.0
2021-11-01 19:00,32230.0
2021-11-01 20:00,30740.0
2021-11-01 21:00,29180.0
2021-11-01 22:00,27910.0
2021-11-01 23:00,26400.0
2021-11-02 00:00,24390.0
2021-11-02 01:00,23370.0
2021-11-02 02:00,23360.0
2021-11-02 03:00,23730.0
2021-11-02 04:00,24040.0
2021-11-02 05:00,24830.0
2021-11-02 06:00,26470.0
2021-11-02 07:00,28200.0
2021-11-02 08:00,30980.0
2021-11-02 09:00,33180.0
2021-11-02 10:00,33700.0
2021-11-02 11:00,33480.0
2021-11-02 12:00,32090.0
2021-11-02 13:00,33260.0
2021-11-02 14:00,33490.0
2021-11-02 15:00,33220.0
2021-11-02 16:00,33470.0
2021-11-02 17:00,33860.0
2021-11-02 18:00,33170.0
2021-11-02 19:00,31930.0
2021-11-02 20:00,30520.0
2021-11-02 21:00,28940.0
2021-11-02 22:00,27740.0
2021-11-02 23:00,26380.0
2021-11-03 00:00,24460.0
2021-11-03 01:00,23390.0
2021-11-03 02:00,23340.0
2021-11-03 03:00,23700.0
2021-11-03 04:00,23950.0
2021-11-03 05:00,24360.0
2021-11-03 06:00,24950.0
2021-11-03 07:00,26040.0
2021-11-03 08:00,27820.0
2021-11-03 09:00,29230.0
2021-11-03 10:00,29680.0
2021-11-03 11:00,29820.0
2021-11-03 12:00,29310.0
2021-11-03 13:00,29750.0
2021-11-03 14:00,29730.0
2021-11-03 15:00,29700.0
2021-11-03 16:00,30260.0
2021-11-03 17:00,31600.0
2021-11-03 18:00,31510.0
2021-11-03 19:00,30750.0
2021-11-03 20:00,29780.0
2021-11-03 21:00,28350.0
2021-11-03 22:00,27010.0
2021-11-03 23:00,25680.0
2021-11-04 00:00,23910.0
2021-11-04 01:00,22950.0
2021-11-04 02:00,22980.0
2021-11-04 03:00,23510.0
2021-11-04 04:00,24000.0
2021-11-04 05:00,25030.0
2021-11-04 06:00,26800.0
2021-11-04 07:00,28360.0
2021-11-04 08:00,30860.0
2021-11-04 09:00,32680.0
2021-11-04 10:00,33030.0
2021-11-04 11:00,33090.0
2021-11-04 12:00,32020.0
2021-11-04 13:00,33090.0
2021-11-04 14:00,33260.0
2021-11-04 15:00,33140.0
2021-11-04 16:00,33400.0
2021-11-04 17:00,34080.0
2021-11-04 18:00,33530.0
2021-11-04 19:00,32400.0
2021-11-04 20:00,31000.0
2021-11-04 21:00,29490.0
2021-11-04 22:00,28040.0
2021-11-04 23:00,26430.0
2021-11-05 00:00,24410.0
2021-11-05 01:00,23340.0
2021-11-05 02:00,23340.0
2021-11-05 03:00,23890.0
2021-11-05 04:00,24280.0
2021-11-05 05:00,25380.0
2021-11-05 06:00,27280.0
2021-11-05 07:00,28520.0
2021-11-05 08:00,30630.0
2021-11-05 09:00,32480.0
2021-11-05 10:00,32720.0
2021-11-05 11:00,32790.0
2021-11-05 12:00,31820.0
2021-11-05 13:00,32610.0
2021-11-05 14:00,32650.0
2021-11-05 15:00,32670.0
2021-11-05 16:00,33080.0
2021-11-05 17:00,33590.0
2021-11-05 18:00,33070.0
2021-11-05 19:00,31970.0
2021-11-05 20:00,30730.0
2021-11-05 21:00,29210.0
2021-11-05 22:00,28030.0
2021-11-05 23:00,26460.0
2021-11-06 00:00,24590.0
2021-11-06 01:00,23540.0
2021-11-06 02:00,23480.0
2021-11-06 03:00,23780.0
2021-11-06 04:00,23970.0
2021-11-06 05:00,24420.0
2021-11-06 06:00,25000.0
2021-11-06 07:00,25560.0
2021-11-06 08:00,26710.0
2021-11-06 09:00,27820.0
2021-11-06 10:00,28060.0
2021-11-06 11:00,28100.0
2021-11-06 12:00,27740.0
2021-11-06 13:00,27690.0
2021-11-06 14:00,27710.0
2021-11-06 15:00,27760.0
2021-11-06 16:00,28650.0
2021-11-06 17:00,29920.0
2021-11-06 18:00,29980.0
2021-11-06 19:00,29360.0
2021-11-06 20:00,28480.0
2021-11-06 21:00,27130.0
2021-11-06 22:00,25970.0
2021-11-06 23:00,24770.0
2021-11-07 00:00,23110.0
2021-11-07 01:00,22160.0
2021-11-07 02:00,22190.0
2021-11-07 03:00,22500.0
2021-11-07 04:00,22700.0
2021-11-07 05:00,22960.0
2021-11-07 06:00,23410.0
2021-11-07 07:00,24510.0
2021-11-07 08:00,25880.0
2021-11-07 09:00,27140.0
2021-11-07 10:00,27370.0
2021-11-07 11:00,27430.0
2021-11-07 12:00,27490.0
2021-11-07 13:00,26960.0
2021-11-07 14:00,26530.0
2021-11-07 15:00,26560.0
2021-11-07 16:00,27730.0
2021-11-07 17:00,29710.0
2021-11-07 18:00,30010.0
2021-11-07 19:00,29470.0
2021-11-07 20:00,28560.0
2021-11-07 21:00,27180.0
2021-11-07 22:00,25700.0
2021-11-07 23:00,24510.0
2021-11-08 00:00,22870.0
2021-11-08 01:00,21990.0
2021-11-08 02:00,22110.0
2021-11-08 03:00,22620.0
2021-11-08 04:00,23170.0
2021-11-08 05:00,24260.0
2021-11-08 06:00,26380.0
2021-11-08 07:00,28690.0
2021-11-08 08:00,31450.0
2021-11-08 09:00,33220.0
2021-11-08 10:00,33560.0
2021-11-08 11:00,33840.0
2021-11-08 12:00,32390.0
2021-11-08 13:00,33140.0
2021-11-08 14:00,33480.0
2021-11-08 15:00,33530.0
2021-11-08 16:00,34060.0
2021-11-08 17:00,34440.0
2021-11-08 18:00,33750.0
2021-11-08 19:00,32480.0
2021-11-08 20:00,31190.0
2021-11-08 21:00,29560.0
2021-11-08 22:00,28270.0
2021-11-08 23:00,26830.0
2021-11-09 00:00,24890.0
2021-11-09 01:00,23770.0
2021-11-09 02:00,23760.0
2021-11-09 03:00,24080.0
2021-11-09 04:00,24490.0
2021-11-09 05:00,25250.0
2021-11-09 06:00,27220.0
2021-11-09 07:00,29740.0
2021-11-09 08:00,33270.0
2021-11-09 09:00,36050.0
2021-11-09 10:00,36880.0
2021-11-09 11:00,37220.0
2021-11-09 12:00,35510.0
2021-11-09 13:00,35810.0
2021-11-09 14:00,35200.0
2021-11-09 15:00,34670.0
2021-11-09 16:00,35600.0
2021-11-09 17:00,35640.0
2021-11-09 18:00,34680.0
2021-11-09 19:00,33180.0
2021-11-09 20:00,31640.0
2021-11-09 21:00,29890.0
2021-11-09 22:00,28410.0
2021-11-09 23:00,26870.0
2021-11-10 00:00,24830.0
2021-11-10 01:00,23700.0
2021-11-10 02:00,23650.0
2021-11-10 03:00,23950.0
2021-11-10 04:00,24300.0
2021-11-10 05:00,25130.0
2021-11-10 06:00,26800.0
2021-11-10 07:00,28760.0
2021-11-10 08:00,31540.0
2021-11-10 09:00,33090.0
2021-11-10 10:00,32670.0
2021-11-10 11:00,32930.0
2021-11-10 12:00,31790.0
2021-11-10 13:00,32580.0
2021-11-10 14:00,32640.0
2021-11-10 15:00,32880.0
2021-11-10 16:00,33630.0
2021-11-10 17:00,34330.0
2021-11-10 18:00,33830.0
2021-11-10 19:00,32850.0
2021-11-10 20:00,31650.0
2021-11-10 21:00,30100.0
2021-11-10 22:00,28760.0
2021-11-10 23:00,27080.0
2021-11-11 00:00,25050.0
2021-11-11 01:00,23960.0
2021-11-11 02:00,23930.0
2021-11-11 03:00,24440.0
2021-11-11 04:00,24920.0
2021-11-11 05:00,26170.0
2021-11-11 06:00,28270.0
2021-11-11 07:00,29530.0
2021-11-11 08:00,31340.0
2021-11-11 09:00,33020.0
2021-11-11 10:00,33140.0
2021-11-11 11:00,33100.0
2021-11-11 12:00,31920.0
2021-11-11 13:00,32760.0
2021-11-11 14:00,32860.0
2021-11-11 15:00,33050.0
2021-11-11 16:00,33960.0
2021-11-11 17:00,34600.0
2021-11-11 18:00,34090.0
2021-11-11 19:00,33020.0
2021-11-11 20:00,31710.0
2021-11-11 21:00,30110.0
2021-11-11 22:00,28780.0
2021-11-11 23:00,27150.0
2021-11-12 00:00,25090.0
2021-11-12 01:00,24080.0
2021-11-12 02:00,24020.0
2021-11-12 03:00,24540.0
2021-11-12 04:00,25030.0
2021-11-12 05:00,26230.0
2021-11-12 06:00,28410.0
2021-11-12 07:00,29740.0
2021-11-12 08:00,31580.0
2021-11-12 09:00,33300.0
2021-11-12 10:00,33380.0
2021-11-12 11:00,33310.0
2021-11-12 12:00,32250.0
2021-11-12 13:00,33370.0
2021-11-12 14:00,32820.0
2021-11-12 15:00,32870.0
2021-11-12 16:00,33800.0
2021-11-12 17:00,34480.0
2021-11-12 18:00,34010.0
2021-11-12 19:00,33020.0
2021-11-12 20:00,31750.0
2021-11-12 21:00,30120.0
2021-11-12 22:00,28960.0
2021-11-12 23:00,27390.0
2021-11-13 00:00,25380.0
2021-11-13 01:00,24260.0
2021-11-13 02:00,24100.0
2021-11-13 03:00,24440.0
2021-11-13 04:00,24610.0
2021-11-13 05:00,25130.0
2021-11-13 06:00,26080.0
2021-11-13 07:00,26770.0
2021-11-13 08:00,27640.0
2021-11-13 09:00,28520.0
2021-11-13 10:00,28320.0
2021-11-13 11:00,28160.0
2021-11-13 12:00,27680.0
2021-11-13 13:00,27590.0
2021-11-13 14:00,27390.0
2021-11-13 15:00,27660.0
2021-11-13 16:00,28790.0
2021-11-13 17:00,30420.0
2021-11-13 18:00,30700.0
2021-11-13 19:00,30310.0
2021-11-13 20:00,29540.0
2021-11-13 21:00,28190.0
2021-11-13 22:00,27090.0
2021-11-13 23:00,25790.0
2021-11-14 00:00,23980.0
2021-11-14 01:00,22960.0
2021-11-14 02:00,22990.0
2021-11-14 03:00,23240.0
2021-11-14 04:00,23350.0
2021-11-14 05:00,23670.0
2021-11-14 06:00,24180.0
2021-11-14 07:00,24900.0
2021-11-14 08:00,26330.0
2021-11-14 09:00,26980.0
2021-11-14 10:00,27060.0
2021-11-14 11:00,27160.0
2021-11-14 12:00,27030.0
2021-11-14 13:00,26630.0
2021-11-14 14:00,26340.0
2021-11-14 15:00,26700.0
2021-11-14 16:00,28060.0
2021-11-14 17:00,30210.0
2021-11-14 18:00,30700.0
2021-11-14 19:00,30270.0
2021-11-14 20:00,29500.0
2021-11-14 21:00,28130.0
2021-11-14 22:00,26520.0
2021-11-14 23:00,25170.0
2021-11-15 00:00,23450.0
2021-11-15 01:00,22540.0
2021-11-15 02:00,22710.0
2021-11-15 03:00,23270.0
2021-11-15 04:00,23950.0
2021-11-15 05:00,25430.0
2021-11-15 06:00,28220.0
2021-11-15 07:00,30130.0
2021-11-15 08:00,32050.0
2021-11-15 09:00,33510.0
2021-11-15 10:00,33530.0
2021-11-15 11:00,33330.0
2021-11-15 12:00,32300.0
2021-11-15 13:00,33090.0
2021-11-15 14:00,33230.0
2021-11-15 15:00,33320.0
2021-11-15 16:00,34110.0
2021-11-15 17:00,34830.0
2021-11-15 18:00,34420.0
2021-11-15 19:00,33460.0
2021-11-15 20:00,32180.0
2021-11-15 21:00,30560.0
2021-11-15 22:00,29030.0
2021-11-15 23:00,27360.0
2021-11-16 00:00,25240.0
2021-11-16 01:00,24150.0
2021-11-16 02:00,24170.0
2021-11-16 03:00,24520.0
2021-11-16 04:00,25000.0
2021-11-16 05:00,26190.0
2021-11-16 06:00,28520.0
2021-11-16 07:00,30580.0
2021-11-16 08:00,33520.0
2021-11-16 09:00,34590.0
2021-11-16 10:00,34470.0
2021-11-16 11:00,34240.0
2021-11-16 12:00,33650.0
2021-11-16 13:00,34030.0
2021-11-16 14:00,34090.0
2021-11-16 15:00,34010.0
2021-11-16 16:00,35040.0
2021-11-16 17:00,35560.0
2021-11-16 18:00,35020.0
2021-11-16 19:00,34010.0
2021-11-16 20:00,32800.0
2021-11-16 21:00,31050.0
2021-11-16 22:00,29490.0
2021-11-16 23:00,27650.0
2021-11-17 00:00,25530.0
2021-11-17 01:00,24410.0
2021-11-17 02:00,24420.0
2021-11-17 03:00,24720.0
2021-11-17 04:00,25160.0
2021-11-17 05:00,26410.0
2021-11-17 06:00,28930.0
2021-11-17 07:00,31060.0
2021-11-17 08:00,33150.0
2021-11-17 09:00,34730.0
2021-11-17 10:00,34600.0
2021-11-17 11:00,34430.0
2021-11-17 12:00,33020.0
2021-11-17 13:00,33780.0
2021-11-17 14:00,33830.0
2021-11-17 15:00,33870.0
2021-11-17 16:00,34720.0
2021-11-17 17:00,35440.0
2021-11-17 18:00,35010.0
2021-11-17 19:00,34140.0
2021-11-17 20:00,33070.0
2021-11-17 21:00,31370.0
2021-11-17 22:00,29760.0
2021-11-17 23:00,27980.0
2021-11-18 00:00,25780.0
2021-11-18 01:00,24650.0
2021-11-18 02:00,24610.0
2021-11-18 03:00,25050.0
2021-11-18 04:00,25480.0
2021-11-18 05:00,26680.0
2021-11-18 06:00,29200.0
2021-11-18 07:00,31130.0
2021-11-18 08:00,33630.0
2021-11-18 09:00,35520.0
2021-11-18 10:00,35800.0
2021-11-18 11:00,35680.0
2021-11-18 12:00,33250.0
2021-11-18 13:00,34690.0
2021-11-18 14:00,34880.0
2021-11-18 15:00,34670.0
2021-11-18 16:00,35860.0
2021-11-18 17:00,36630.0
2021-11-18 18:00,36160.0
2021-11-18 19:00,35110.0
2021-11-18 20:00,33740.0
2021-11-18 21:00,31980.0
2021-11-18 22:00,30300.0
2021-11-18 23:00,28450.0
2021-11-19 00:00,26070.0
2021-11-19 01:00,24970.0
2021-11-19 02:00,24900.0
2021-11-19 03:00,25320.0
2021-11-19 04:00,25890.0
2021-11-19 05:00,27220.0
2021-11-19 06:00,29800.0
2021-11-19 07:00,31970.0
2021-11-19 08:00,34620.0
2021-11-19 09:00,36610.0
2021-11-19 10:00,35660.0
2021-11-19 11:00,35380.0
2021-11-19 12:00,33840.0
2021-11-19 13:00,33980.0
2021-11-19 14:00,33990.0
2021-11-19 15:00,34040.0
2021-11-19 16:00,34860.0
2021-11-19 17:00,35490.0
2021-11-19 18:00,34950.0
2021-11-19 19:00,33960.0
2021-11-19 20:00,32880.0
2021-11-19 21:00,31300.0
2021-11-19 22:00,29950.0
2021-11-19 23:00,28070.0
2021-11-20 00:00,25940.0
2021-11-20 01:00,24760.0
2021-11-20 02:00,24610.0
2021-11-20 03:00,24730.0
2021-11-20 04:00,25000.0
2021-11-20 05:00,25500.0
2021-11-20 06:00,26580.0
2021-11-20 07:00,27970.0
2021-11-20 08:00,29160.0
2021-11-20 09:00,29960.0
2021-11-20 10:00,29760.0
2021-11-20 11:00,29510.0
2021-11-20 12:00,29090.0
2021-11-20 13:00,28930.0
2021-11-20 14:00,28620.0
2021-11-20 15:00,28680.0
2021-11-20 16:00,29800.0
2021-11-20 17:00,31260.0
2021-11-20 18:00,31340.0
2021-11-20 19:00,30870.0
2021-11-20 20:00,30040.0
2021-11-20 21:00,28720.0
2021-11-20 22:00,27440.0
2021-11-20 23:00,26020.0
2021-11-21 00:00,24080.0
2021-11-21 01:00,23000.0
2021-11-21 02:00,23010.0
2021-11-21 03:00,23350.0
2021-11-21 04:00,23630.0
2021-11-21 05:00,24000.0
2021-11-21 06:00,24610.0
2021-11-21 07:00,25780.0
2021-11-21 08:00,27350.0
2021-11-21 09:00,28540.0
2021-11-21 10:00,28060.0
2021-11-21 11:00,28490.0
2021-11-21 12:00,28940.0
2021-11-21 13:00,28600.0
2021-11-21 14:00,28450.0
2021-11-21 15:00,28960.0
2021-11-21 16:00,30710.0
2021-11-21 17:00,32040.0
2021-11-21 18:00,32310.0
2021-11-21 19:00,31780.0
2021-11-21 20:00,30770.0
2021-11-21 21:00,29240.0
2021-11-21 22:00,27430.0
2021-11-21 23:00,25940.0
2021-11-22 00:00,24170.0
2021-11-22 01:00,23290.0
2021-11-22 02:00,23340.0
2021-11-22 03:00,23580.0
2021-11-22 04:00,23980.0
2021-11-22 05:00,25010.0
2021-11-22 06:00,27470.0
2021-11-22 07:00,30470.0
2021-11-22 08:00,33620.0
2021-11-22 09:00,36010.0
2021-11-22 10:00,36460.0
2021-11-22 11:00,36520.0
2021-11-22 12:00,35140.0
2021-11-22 13:00,36570.0
2021-11-22 14:00,36510.0
2021-11-22 15:00,36630.0
2021-11-22 16:00,37720.0
2021-11-22 17:00,37380.0
2021-11-22 18:00,36290.0
2021-11-22 19:00,34730.0
2021-11-22 20:00,33090.0
2021-11-22 21:00,31330.0
2021-11-22 22:00,29770.0
2021-11-22 23:00,28010.0
2021-11-23 00:00,25920.0
2021-11-23 01:00,24770.0
2021-11-23 02:00,24530.0
2021-11-23 03:00,24880.0
2021-11-23 04:00,25080.0
2021-11-23 05:00,25570.0
2021-11-23 06:00,26630.0
2021-11-23 07:00,28410.0
2021-11-23 08:00,30260.0
2021-11-23 09:00,31410.0
2021-11-23 10:00,31170.0
2021-11-23 11:00,30980.0
2021-11-23 12:00,30290.0
2021-11-23 13:00,30470.0
2021-11-23 14:00,30670.0
2021-11-23 15:00,31160.0
2021-11-23 16:00,32600.0
2021-11-23 17:00,34230.0
2021-11-23 18:00,34410.0
2021-11-23 19:00,33870.0
2021-11-23 20:00,33010.0
2021-11-23 21:00,31590.0
2021-11-23 22:00,29830.0
2021-11-23 23:00,27980.0
2021-11-24 00:00,26070.0
2021-11-24 01:00,25020.0
2021-11-24 02:00,24970.0
2021-11-24 03:00,25350.0
2021-11-24 04:00,25990.0
2021-11-24 05:00,27540.0
2021-11-24 06:00,30600.0
2021-11-24 07:00,32680.0
2021-11-24 08:00,34410.0
2021-11-24 09:00,35650.0
2021-11-24 10:00,35430.0
2021-11-24 11:00,35150.0
2021-11-24 12:00,33700.0
2021-11-24 13:00,34400.0
2021-11-24 14:00,34530.0
2021-11-24 15:00,35100.0
2021-11-24 16:00,36620.0
2021-11-24 17:00,37610.0
2021-11-24 18:00,37330.0
2021-11-24 19:00,36360.0
2021-11-24 20:00,35250.0
2021-11-24 21:00,33420.0
2021-11-24 22:00,31620.0
2021-11-24 23:00,29720.0
2021-11-25 00:00,27320.0
2021-11-25 01:00,26250.0
2021-11-25 02:00,26260.0
2021-11-25 03:00,26490.0
2021-11-25 04:00,27080.0
2021-11-25 05:00,28710.0
2021-11-25 06:00,32040.0
2021-11-25 07:00,34210.0
2021-11-25 08:00,35720.0
2021-11-25 09:00,36840.0
2021-11-25 10:00,36310.0
2021-11-25 11:00,35670.0
2021-11-25 12:00,34140.0
2021-11-25 13:00,34790.0
2021-11-25 14:00,34720.0
2021-11-25 15:00,34990.0
2021-11-25 16:00,36190.0
2021-11-25 17:00,37140.0
2021-11-25 18:00,36870.0
2021-11-25 19:00,35890.0
2021-11-25 20:00,34540.0
2021-11-25 21:00,32790.0
2021-11-25 22:00,31090.0
2021-11-25 23:00,29080.0
2021-11-26 00:00,26850.0
2021-11-26 01:00,25710.0
2021-11-26 02:00,25680.0
2021-11-26 03:00,26040.0
2021-11-26 04:00,26600.0
2021-11-26 05:00,28170.0
2021-11-26 06:00,31220.0
2021-11-26 07:00,33220.0
2021-11-26 08:00,34680.0
2021-11-26 09:00,35740.0
2021-11-26 10:00,35400.0
2021-11-26 11:00,34990.0
2021-11-26 12:00,33650.0
2021-11-26 13:00,34310.0
2021-11-26 14:00,34380.0
2021-11-26 15:00,34530.0
2021-11-26 16:00,35650.0
2021-11-26 17:00,36510.0
2021-11-26 18:00,36070.0
2021-11-26 19:00,35140.0
2021-11-26 20:00,34030.0
2021-11-26 21:00,32300.0
2021-11-26 22:00,30950.0
2021-11-26 23:00,29260.0
2021-11-27 00:00,27030.0
2021-11-27 01:00,25840.0
2021-11-27 02:00,25720.0
2021-11-27 03:00,25900.0
2021-11-27 04:00,26180.0
2021-11-27 05:00,26800.0
2021-11-27 06:00,28370.0
2021-11-27 07:00,29540.0
2021-11-27 08:00,30410.0
2021-11-27 09:00,31170.0
2021-11-27 10:00,31030.0
2021-11-27 11:00,30830.0
2021-11-27 12:00,30340.0
2021-11-27 13:00,30500.0
2021-11-27 14:00,30470.0
2021-11-27 15:00,31480.0
2021-11-27 16:00,33440.0
2021-11-27 17:00,35350.0
2021-11-27 18:00,35720.0
2021-11-27 19:00,35320.0
2021-11-27 20:00,34500.0
2021-11-27 21:00,32990.0
2021-11-27 22:00,31450.0
2021-11-27 23:00,29810.0
2021-11-28 00:00,27500.0
2021-11-28 01:00,26200.0
2021-11-28 02:00,25880.0
2021-11-28 03:00,25870.0
2021-11-28 04:00,25850.0
2021-11-28 05:00,26460.0
2021-11-28 06:00,27950.0
2021-11-28 07:00,29540.0
2021-11-28 08:00,30180.0
2021-11-28 09:00,30480.0
2021-11-28 10:00,30010.0
2021-11-28 11:00,29350.0
2021-11-28 12:00,29060.0
2021-11-28 13:00,28660.0
2021-11-28 14:00,28520.0
2021-11-28 15:00,29510.0
2021-11-28 16:00,31670.0
2021-11-28 17:00,34380.0
2021-11-28 18:00,35120.0
2021-11-28 19:00,34940.0
2021-11-28 20:00,34280.0
2021-11-28 21:00,32780.0
2021-11-28 22:00,30660.0
2021-11-28 23:00,29020.0
2021-11-29 00:00,26970.0
2021-11-29 01:00,26070.0
2021-11-29 02:00,25990.0
2021-11-29 03:00,26250.0
2021-11-29 04:00,26870.0
2021-11-29 05:00,29100.0
2021-11-29 06:00,33320.0
2021-11-29 07:00,36410.0
2021-11-29 08:00,38990.0
2021-11-29 09:00,40790.0
2021-11-29 10:00,40370.0
2021-11-29 11:00,39370.0
2021-11-29 12:00,37650.0
2021-11-29 13:00,37980.0
2021-11-29 14:00,37840.0
2021-11-29 15:00,38030.0
2021-11-29 16:00,40070.0
2021-11-29 17:00,41300.0
2021-11-29 18:00,41060.0
2021-11-29 19:00,40000.0
2021-11-29 20:00,38600.0
2021-11-29 21:00,36560.0
2021-11-29 22:00,34480.0
2021-11-29 23:00,32130.0
2021-11-30 00:00,29660.0
2021-11-30 01:00,28430.0
2021-11-30 02:00,28210.0
2021-11-30 03:00,28320.0
2021-11-30 04:00,28920.0
2021-11-30 05:00,30920.0
2021-11-30 06:00,35000.0
2021-11-30 07:00,37810.0
2021-11-30 08:00,39560.0
2021-11-30 09:00,40310.0
2021-11-30 10:00,39290.0
2021-11-30 11:00,38450.0
2021-11-30 12:00,36990.0
2021-11-30 13:00,37160.0
2021-11-30 14:00,36860.0
2021-11-30 15:00,37030.0
2021-11-30 16:00,38360.0
2021-11-30 17:00,39010.0
2021-11-30 18:00,38460.0
2021-11-30 19:00,37190.0
2021-11-30 20:00,35820.0
2021-11-30 21:00,33880.0
2021-11-30 22:00,32000.0
2021-11-30 23:00,29970.0
2021-12-01 00:00,27620.0
2021-12-01 01:00,26400.0
2021-12-01 02:00,26120.0
2021-12-01 03:00,26160.0
2021-12-01 04:00,26410.0
2021-12-01 05:00,27340.0
2021-12-01 06:00,29880.0
2021-12-01 07:00,32780.0
2021-12-01 08:00,35850.0
2021-12-01 09:00,36880.0
2021-12-01 10:00,34980.0
2021-12-01 11:00,34800.0
2021-12-01 12:00,33030.0
2021-12-01 13:00,34050.0
2021-12-01 14:00,34240.0
2021-12-01 15:00,34790.0
2021-12-01 16:00,36150.0
2021-12-01 17:00,37030.0
2021-12-01 18:00,36700.0
2021-12-01 19:00,35840.0
2021-12-01 20:00,34730.0
2021-12-01 21:00,33110.0
2021-12-01 22:00,31430.0
2021-12-01 23:00,29450.0
2021-12-02 00:00,27140.0
2021-12-02 01:00,26180.0
2021-12-02 02:00,26190.0
2021-12-02 03:00,26470.0
2021-12-02 04:00,27110.0
2021-12-02 05:00,28880.0
2021-12-02 06:00,32400.0
2021-12-02 07:00,34710.0
2021-12-02 08:00,36370.0
2021-12-02 09:00,37360.0
2021-12-02 10:00,36760.0
2021-12-02 11:00,36280.0
2021-12-02 12:00,34770.0
2021-12-02 13:00,35710.0
2021-12-02 14:00,36010.0
2021-12-02 15:00,36800.0
2021-12-02 16:00,38550.0
2021-12-02 17:00,39790.0
2021-12-02 18:00,39440.0
2021-12-02 19:00,38270.0
2021-12-02 20:00,36910.0
2021-12-02 21:00,34910.0
2021-12-02 22:00,32870.0
2021-12-02 23:00,30710.0
2021-12-03 00:00,28320.0
2021-12-03 01:00,27140.0
2021-12-03 02:00,27010.0
2021-12-03 03:00,27230.0
2021-12-03 04:00,27810.0
2021-12-03 05:00,29620.0
2021-12-03 06:00,33400.0
2021-12-03 07:00,36260.0
2021-12-03 08:00,37920.0
2021-12-03 09:00,38540.0
2021-12-03 10:00,37540.0
2021-12-03 11:00,36640.0
2021-12-03 12:00,34830.0
2021-12-03 13:00,35580.0
2021-12-03 14:00,35680.0
2021-12-03 15:00,36100.0
2021-12-03 16:00,37520.0
2021-12-03 17:00,38500.0
2021-12-03 18:00,38220.0
2021-12-03 19:00,37260.0
2021-12-03 20:00,36170.0
2021-12-03 21:00,34510.0
2021-12-03 22:00,32980.0
2021-12-03 23:00,31120.0
2021-12-04 00:00,28810.0
2021-12-04 01:00,27590.0
2021-12-04 02:00,27270.0
2021-12-04 03:00,27340.0
2021-12-04 04:00,27470.0
2021-12-04 05:00,28370.0
2021-12-04 06:00,30220.0
2021-12-04 07:00,31840.0
2021-12-04 08:00,32920.0
2021-12-04 09:00,33060.0
2021-12-04 10:00,32110.0
2021-12-04 11:00,31410.0
2021-12-04 12:00,30630.0
2021-12-04 13:00,30420.0
2021-12-04 14:00,30320.0
2021-12-04 15:00,30620.0
2021-12-04 16:00,32300.0
2021-12-04 17:00,34290.0
2021-12-04 18:00,34580.0
2021-12-04 19:00,34260.0
2021-12-04 20:00,33550.0
2021-12-04 21:00,32160.0
2021-12-04 22:00,30900.0
2021-12-04 23:00,29260.0
2021-12-05 00:00,27150.0
2021-12-05 01:00,26120.0
2021-12-05 02:00,25870.0
2021-12-05 03:00,26000.0
2021-12-05 04:00,26270.0
2021-12-05 05:00,26950.0
2021-12-05 06:00,28420.0
2021-12-05 07:00,30040.0
2021-12-05 08:00,31020.0
2021-12-05 09:00,31310.0
2021-12-05 10:00,30980.0
2021-12-05 11:00,30400.0
2021-12-05 12:00,30190.0
2021-12-05 13:00,29980.0
2021-12-05 14:00,30250.0
2021-12-05 15:00,31150.0
2021-12-05 16:00,33280.0
2021-12-05 17:00,35780.0
2021-12-05 18:00,36410.0
2021-12-05 19:00,36200.0
2021-12-05 20:00,35320.0
2021-12-05 21:00,33590.0
2021-12-05 22:00,31370.0
2021-12-05 23:00,29420.0
2021-12-06 00:00,27140.0
2021-12-06 01:00,25930.0
2021-12-06 02:00,25720.0
2021-12-06 03:00,25830.0
2021-12-06 04:00,26440.0
2021-12-06 05:00,28280.0
2021-12-06 06:00,32200.0
2021-12-06 07:00,36350.0
2021-12-06 08:00,40600.0
2021-12-06 09:00,42750.0
2021-12-06 10:00,42480.0
2021-12-06 11:00,42190.0
2021-12-06 12:00,40670.0
2021-12-06 13:00,41450.0
2021-12-06 14:00,41650.0
2021-12-06 15:00,41500.0
2021-12-06 16:00,42700.0
2021-12-06 17:00,42340.0
2021-12-06 18:00,41420.0
2021-12-06 19:00,39820.0
2021-12-06 20:00,38410.0
2021-12-06 21:00,36210.0
2021-12-06 22:00,33880.0
2021-12-06 23:00,31360.0
2021-12-07 00:00,28620.0
2021-12-07 01:00,27360.0
2021-12-07 02:00,27110.0
2021-12-07 03:00,27150.0
2021-12-07 04:00,27630.0
2021-12-07 05:00,29040.0
2021-12-07 06:00,32040.0
2021-12-07 07:00,35150.0
2021-12-07 08:00,38110.0
2021-12-07 09:00,39520.0
2021-12-07 10:00,38710.0
2021-12-07 11:00,38740.0
2021-12-07 12:00,37380.0
2021-12-07 13:00,38140.0
2021-12-07 14:00,38160.0
2021-12-07 15:00,38560.0
2021-12-07 16:00,39900.0
2021-12-07 17:00,40000.0
2021-12-07 18:00,39470.0
2021-12-07 19:00,38320.0
2021-12-07 20:00,36870.0
2021-12-07 21:00,34910.0
2021-12-07 22:00,32950.0
2021-12-07 23:00,30810.0
2021-12-08 00:00,28230.0
2021-12-08 01:00,27090.0
2021-12-08 02:00,26910.0
2021-12-08 03:00,26880.0
2021-12-08 04:00,27370.0
2021-12-08 05:00,28760.0
2021-12-08 06:00,31980.0
2021-12-08 07:00,35830.0
2021-12-08 08:00,40080.0
2021-12-08 09:00,42690.0
2021-12-08 10:00,42790.0
2021-12-08 11:00,42240.0
2021-12-08 12:00,40700.0
2021-12-08 13:00,41590.0
2021-12-08 14:00,41550.0
2021-12-08 15:00,41630.0
2021-12-08 16:00,42920.0
2021-12-08 17:00,42790.0
2021-12-08 18:00,41890.0
2021-12-08 19:00,40390.0
2021-12-08 20:00,38830.0
2021-12-08 21:00,36590.0
2021-12-08 22:00,34420.0
2021-12-08 23:00,31890.0
2021-12-09 00:00,28990.0
2021-12-09 01:00,27530.0
2021-12-09 02:00,27260.0
2021-12-09 03:00,27290.0
2021-12-09 04:00,27760.0
2021-12-09 05:00,29390.0
2021-12-09 06:00,32770.0
2021-12-09 07:00,36200.0
2021-12-09 08:00,39020.0
2021-12-09 09:00,39450.0
2021-12-09 10:00,38750.0
2021-12-09 11:00,38010.0
2021-12-09 12:00,36400.0
2021-12-09 13:00,37020.0
2021-12-09 14:00,37200.0
2021-12-09 15:00,37720.0
2021-12-09 16:00,39500.0
2021-12-09 17:00,40660.0
2021-12-09 18:00,40380.0
2021-12-09 19:00,39300.0
2021-12-09 20:00,37970.0
2021-12-09 21:00,36000.0
2021-12-09 22:00,33870.0
2021-12-09 23:00,31500.0
2021-12-10 00:00,28890.0
2021-12-10 01:00,27410.0
2021-12-10 02:00,27120.0
2021-12-10 03:00,27240.0
2021-12-10 04:00,27870.0
2021-12-10 05:00,29570.0
2021-12-10 06:00,33200.0
2021-12-10 07:00,36180.0
2021-12-10 08:00,39550.0
2021-12-10 09:00,41050.0
2021-12-10 10:00,40440.0
2021-12-10 11:00,39760.0
2021-12-10 12:00,38010.0
2021-12-10 13:00,38630.0
2021-12-10 14:00,38640.0
2021-12-10 15:00,38210.0
2021-12-10 16:00,40050.0
2021-12-10 17:00,40960.0
2021-12-10 18:00,40470.0
2021-12-10 19:00,39420.0
2021-12-10 20:00,38230.0
2021-12-10 21:00,36390.0
2021-12-10 22:00,34620.0
2021-12-10 23:00,32530.0
2021-12-11 00:00,30130.0
2021-12-11 01:00,28630.0
2021-12-11 02:00,28230.0
2021-12-11 03:00,28170.0
2021-12-11 04:00,28300.0
2021-12-11 05:00,29180.0
2021-12-11 06:00,31280.0
2021-12-11 07:00,33200.0
2021-12-11 08:00,34590.0
2021-12-11 09:00,34530.0
2021-12-11 10:00,33450.0
2021-12-11 11:00,32380.0
2021-12-11 12:00,31380.0
2021-12-11 13:00,31110.0
2021-12-11 14:00,30930.0
2021-12-11 15:00,31280.0
2021-12-11 16:00,32800.0
2021-12-11 17:00,34880.0
2021-12-11 18:00,35170.0
2021-12-11 19:00,34870.0
2021-12-11 20:00,34100.0
2021-12-11 21:00,32700.0
2021-12-11 22:00,31160.0
2021-12-11 23:00,29490.0
2021-12-12 00:00,27300.0
2021-12-12 01:00,26110.0
2021-12-12 02:00,25790.0
2021-12-12 03:00,25730.0
2021-12-12 04:00,25810.0
2021-12-12 05:00,26340.0
2021-12-12 06:00,27550.0
2021-12-12 07:00,29360.0
2021-12-12 08:00,30810.0
2021-12-12 09:00,31670.0
2021-12-12 10:00,31180.0
2021-12-12 11:00,30180.0
2021-12-12 12:00,29690.0
2021-12-12 13:00,29070.0
2021-12-12 14:00,28630.0
2021-12-12 15:00,29240.0
2021-12-12 16:00,30900.0
2021-12-12 17:00,33480.0
2021-12-12 18:00,34020.0
2021-12-12 19:00,33630.0
2021-12-12 20:00,32890.0
2021-12-12 21:00,31490.0
2021-12-12 22:00,29650.0
2021-12-12 23:00,27970.0
2021-12-13 00:00,25900.0
2021-12-13 01:00,24960.0
2021-12-13 02:00,24920.0
2021-12-13 03:00,25160.0
2021-12-13 04:00,25900.0
2021-12-13 05:00,27770.0
2021-12-13 06:00,31570.0
2021-12-13 07:00,34600.0
2021-12-13 08:00,37020.0
2021-12-13 09:00,38140.0
2021-12-13 10:00,37670.0
2021-12-13 11:00,37200.0
2021-12-13 12:00,35830.0
2021-12-13 13:00,36730.0
2021-12-13 14:00,37210.0
2021-12-13 15:00,38260.0
2021-12-13 16:00,40450.0
2021-12-13 17:00,41940.0
2021-12-13 18:00,41900.0
2021-12-13 19:00,40990.0
2021-12-13 20:00,39710.0
2021-12-13 21:00,37690.0
2021-12-13 22:00,35490.0
2021-12-13 23:00,33080.0
2021-12-14 00:00,30470.0
2021-12-14 01:00,29110.0
2021-12-14 02:00,28880.0
2021-12-14 03:00,28900.0
2021-12-14 04:00,29390.0
2021-12-14 05:00,31530.0
2021-12-14 06:00,35980.0
2021-12-14 07:00,39590.0
2021-12-14 08:00,43140.0
2021-12-14 09:00,45170.0
2021-12-14 10:00,45480.0
2021-12-14 11:00,46140.0
2021-12-14 12:00,44720.0
2021-12-14 13:00,45310.0
2021-12-14 14:00,44980.0
2021-12-14 15:00,44630.0
2021-12-14 16:00,45850.0
2021-12-14 17:00,46210.0
2021-12-14 18:00,45290.0
2021-12-14 19:00,43820.0
2021-12-14 20:00,42080.0
2021-12-14 21:00,39640.0
2021-12-14 22:00,36950.0
2021-12-14 23:00,34220.0
2021-12-15 00:00,31470.0
2021-12-15 01:00,30090.0
2021-12-15 02:00,29690.0
2021-12-15 03:00,29640.0
2021-12-15 04:00,30230.0
2021-12-15 05:00,32440.0
2021-12-15 06:00,36910.0
2021-12-15 07:00,40290.0
2021-12-15 08:00,42470.0
2021-12-15 09:00,42600.0
2021-12-15 10:00,41030.0
2021-12-15 11:00,39650.0
2021-12-15 12:00,37590.0
2021-12-15 13:00,37960.0
2021-12-15 14:00,37960.0
2021-12-15 15:00,38490.0
2021-12-15 16:00,40350.0
2021-12-15 17:00,41800.0
2021-12-15 18:00,41660.0
2021-12-15 19:00,40900.0
2021-12-15 20:00,39810.0
2021-12-15 21:00,37890.0
2021-12-15 22:00,35730.0
2021-12-15 23:00,33390.0
2021-12-16 00:00,30710.0
2021-12-16 01:00,29370.0
2021-12-16 02:00,29090.0
2021-12-16 03:00,29100.0
2021-12-16 04:00,29630.0
2021-12-16 05:00,31680.0
2021-12-16 06:00,36170.0
2021-12-16 07:00,39340.0
2021-12-16 08:00,41980.0
2021-12-16 09:00,42740.0
2021-12-16 10:00,41870.0
2021-12-16 11:00,40210.0
2021-12-16 12:00,37040.0
2021-12-16 13:00,38370.0
2021-12-16 14:00,38610.0
2021-12-16 15:00,38440.0
2021-12-16 16:00,40160.0
2021-12-16 17:00,41130.0
2021-12-16 18:00,40840.0
2021-12-16 19:00,39830.0
2021-12-16 20:00,38520.0
2021-12-16 21:00,36590.0
2021-12-16 22:00,34430.0
2021-12-16 23:00,31910.0
2021-12-17 00:00,29220.0
2021-12-17 01:00,27730.0
2021-12-17 02:00,27370.0
2021-12-17 03:00,27390.0
2021-12-17 04:00,27830.0
2021-12-17 05:00,29500.0
2021-12-17 06:00,33270.0
2021-12-17 07:00,37350.0
2021-12-17 08:00,41910.0
2021-12-17 09:00,44170.0
2021-12-17 10:00,42700.0
2021-12-17 11:00,40400.0
2021-12-17 12:00,39060.0
2021-12-17 13:00,39990.0
2021-12-17 14:00,39830.0
2021-12-17 15:00,39480.0
2021-12-17 16:00,40780.0
2021-12-17 17:00,41140.0
2021-12-17 18:00,40490.0
2021-12-17 19:00,39360.0
2021-12-17 20:00,38090.0
2021-12-17 21:00,36730.0
2021-12-17 22:00,35540.0
2021-12-17 23:00,33620.0
2021-12-18 00:00,31410.0
2021-12-18 01:00,29970.0
2021-12-18 02:00,29440.0
2021-12-18 03:00,29240.0
2021-12-18 04:00,29290.0
2021-12-18 05:00,30240.0
2021-12-18 06:00,32890.0
2021-12-18 07:00,35560.0
2021-12-18 08:00,37240.0
2021-12-18 09:00,37450.0
2021-12-18 10:00,36620.0
2021-12-18 11:00,35880.0
2021-12-18 12:00,34690.0
2021-12-18 13:00,34580.0
2021-12-18 14:00,34830.0
2021-12-18 15:00,35890.0
2021-12-18 16:00,38500.0
2021-12-18 17:00,41040.0
2021-12-18 18:00,41570.0
2021-12-18 19:00,41320.0
2021-12-18 20:00,40620.0
2021-12-18 21:00,38940.0
2021-12-18 22:00,36930.0
2021-12-18 23:00,35000.0
2021-12-19 00:00,32400.0
2021-12-19 01:00,30890.0
2021-12-19 02:00,30170.0
2021-12-19 03:00,29630.0
2021-12-19 04:00,29570.0
2021-12-19 05:00,30430.0
2021-12-19 06:00,32680.0
2021-12-19 07:00,35460.0
2021-12-19 08:00,36920.0
2021-12-19 09:00,36620.0
2021-12-19 10:00,35350.0
2021-12-19 11:00,33880.0
2021-12-19 12:00,33030.0
2021-12-19 13:00,32360.0
2021-12-19 14:00,32280.0
2021-12-19 15:00,33390.0
2021-12-19 16:00,35920.0
2021-12-19 17:00,39100.0
2021-12-19 18:00,40000.0
2021-12-19 19:00,40070.0
2021-12-19 20:00,39540.0
2021-12-19 21:00,38010.0
2021-12-19 22:00,35760.0
2021-12-19 23:00,33510.0
2021-12-20 00:00,30960.0
2021-12-20 01:00,29620.0
2021-12-20 02:00,29170.0
2021-12-20 03:00,29020.0
2021-12-20 04:00,29720.0
2021-12-20 05:00,32210.0
2021-12-20 06:00,37500.0
2021-12-20 07:00,41870.0
2021-12-20 08:00,44390.0
2021-12-20 09:00,44550.0
2021-12-20 10:00,42690.0
2021-12-20 11:00,41170.0
2021-12-20 12:00,39170.0
2021-12-20 13:00,39660.0
2021-12-20 14:00,39760.0
2021-12-20 15:00,40470.0
2021-12-20 16:00,42510.0
2021-12-20 17:00,44100.0
2021-12-20 18:00,43770.0
2021-12-20 19:00,42780.0
2021-12-20 20:00,41450.0
2021-12-20 21:00,39430.0
2021-12-20 22:00,37010.0
2021-12-20 23:00,34540.0
2021-12-21 00:00,31720.0
2021-12-21 01:00,30370.0
2021-12-21 02:00,29960.0
2021-12-21 03:00,29890.0
2021-12-21 04:00,30510.0
2021-12-21 05:00,32860.0
2021-12-21 06:00,37580.0
2021-12-21 07:00,41020.0
2021-12-21 08:00,43130.0
2021-12-21 09:00,43170.0
2021-12-21 10:00,41370.0
2021-12-21 11:00,39960.0
2021-12-21 12:00,37850.0
2021-12-21 13:00,38120.0
2021-12-21 14:00,38110.0
2021-12-21 15:00,38470.0
2021-12-21 16:00,40260.0
2021-12-21 17:00,41810.0
2021-12-21 18:00,41770.0
2021-12-21 19:00,40980.0
2021-12-21 20:00,39860.0
2021-12-21 21:00,37980.0
2021-12-21 22:00,35940.0
2021-12-21 23:00,33650.0
2021-12-22 00:00,31130.0
2021-12-22 01:00,29730.0
2021-12-22 02:00,29280.0
2021-12-22 03:00,29140.0
2021-12-22 04:00,29410.0
2021-12-22 05:00,31430.0
2021-12-22 06:00,35620.0
2021-12-22 07:00,38730.0
2021-12-22 08:00,40870.0
2021-12-22 09:00,41290.0
2021-12-22 10:00,40180.0
2021-12-22 11:00,39200.0
2021-12-22 12:00,37630.0
2021-12-22 13:00,38610.0
2021-12-22 14:00,39020.0
2021-12-22 15:00,39810.0
2021-12-22 16:00,41900.0
2021-12-22 17:00,43260.0
2021-12-22 18:00,43070.0
2021-12-22 19:00,42270.0
2021-12-22 20:00,41110.0
2021-12-22 21:00,39100.0
2021-12-22 22:00,36790.0
2021-12-22 23:00,34250.0
2021-12-23 00:00,31540.0
2021-12-23 01:00,30220.0
2021-12-23 02:00,29680.0
2021-12-23 03:00,29590.0
2021-12-23 04:00,30040.0
2021-12-23 05:00,32130.0
2021-12-23 06:00,36600.0
2021-12-23 07:00,40080.0
2021-12-23 08:00,42390.0
2021-12-23 09:00,42640.0
2021-12-23 10:00,41230.0
2021-12-23 11:00,40080.0
2021-12-23 12:00,38300.0
2021-12-23 13:00,38850.0
2021-12-23 14:00,38890.0
2021-12-23 15:00,39550.0
2021-12-23 16:00,41500.0
2021-12-23 17:00,42870.0
2021-12-23 18:00,42700.0
2021-12-23 19:00,41780.0
2021-12-23 20:00,40530.0
2021-12-23 21:00,38590.0
2021-12-23 22:00,36200.0
2021-12-23 23:00,33720.0
2021-12-24 00:00,31060.0
2021-12-24 01:00,29690.0
2021-12-24 02:00,29210.0
2021-12-24 03:00,29170.0
2021-12-24 04:00,29620.0
2021-12-24 05:00,31790.0
2021-12-24 06:00,36170.0
2021-12-24 07:00,39810.0
2021-12-24 08:00,42460.0
2021-12-24 09:00,42790.0
2021-12-24 10:00,40990.0
2021-12-24 11:00,40020.0
2021-12-24 12:00,37950.0
2021-12-24 13:00,38280.0
2021-12-24 14:00,37910.0
2021-12-24 15:00,38070.0
2021-12-24 16:00,39600.0
2021-12-24 17:00,40840.0
2021-12-24 18:00,40360.0
2021-12-24 19:00,39350.0
2021-12-24 20:00,38050.0
2021-12-24 21:00,36340.0
2021-12-24 22:00,34520.0
2021-12-24 23:00,32280.0
2021-12-25 00:00,29710.0
2021-12-25 01:00,28220.0
2021-12-25 02:00,27630.0
2021-12-25 03:00,27350.0
2021-12-25 04:00,27380.0
2021-12-25 05:00,28050.0
2021-12-25 06:00,29820.0
2021-12-25 07:00,32390.0
2021-12-25 08:00,35000.0
2021-12-25 09:00,35020.0
2021-12-25 10:00,33950.0
2021-12-25 11:00,32840.0
2021-12-25 12:00,31800.0
2021-12-25 13:00,31380.0
2021-12-25 14:00,31370.0
2021-12-25 15:00,32190.0
2021-12-25 16:00,34350.0
2021-12-25 17:00,36580.0
2021-12-25 18:00,37020.0
2021-12-25 19:00,36760.0
2021-12-25 20:00,36090.0
2021-12-25 21:00,34780.0
2021-12-25 22:00,33310.0
2021-12-25 23:00,31700.0
2021-12-26 00:00,29610.0
2021-12-26 01:00,28410.0
2021-12-26 02:00,28000.0
2021-12-26 03:00,27770.0
2021-12-26 04:00,27740.0
2021-12-26 05:00,28530.0
2021-12-26 06:00,30640.0
2021-12-26 07:00,33210.0
2021-12-26 08:00,34610.0
2021-12-26 09:00,34470.0
2021-12-26 10:00,33890.0
2021-12-26 11:00,33440.0
2021-12-26 12:00,33010.0
2021-12-26 13:00,32890.0
2021-12-26 14:00,33370.0
2021-12-26 15:00,34870.0
2021-12-26 16:00,37820.0
2021-12-26 17:00,41260.0
2021-12-26 18:00,42240.0
2021-12-26 19:00,42270.0
2021-12-26 20:00,41740.0
2021-12-26 21:00,40320.0
2021-12-26 22:00,37770.0
2021-12-26 23:00,35530.0
2021-12-27 00:00,32810.0
2021-12-27 01:00,31250.0
2021-12-27 02:00,30620.0
2021-12-27 03:00,30370.0
2021-12-27 04:00,30910.0
2021-12-27 05:00,33350.0
2021-12-27 06:00,38380.0
2021-12-27 07:00,42860.0
2021-12-27 08:00,45530.0
2021-12-27 09:00,45600.0
2021-12-27 10:00,43790.0
2021-12-27 11:00,42230.0
2021-12-27 12:00,40400.0
2021-12-27 13:00,40710.0
2021-12-27 14:00,40680.0
2021-12-27 15:00,41540.0
2021-12-27 16:00,43890.0
2021-12-27 17:00,45750.0
2021-12-27 18:00,45670.0
2021-12-27 19:00,44930.0
2021-12-27 20:00,43820.0
2021-12-27 21:00,41890.0
2021-12-27 22:00,39500.0
2021-12-27 23:00,36930.0
2021-12-28 00:00,33770.0
2021-12-28 01:00,32000.0
2021-12-28 02:00,31260.0
2021-12-28 03:00,30880.0
2021-12-28 04:00,31240.0
2021-12-28 05:00,33350.0
2021-12-28 06:00,37880.0
2021-12-28 07:00,41790.0
2021-12-28 08:00,44220.0
2021-12-28 09:00,43690.0
2021-12-28 10:00,41480.0
2021-12-28 11:00,39870.0
2021-12-28 12:00,38080.0
2021-12-28 13:00,37750.0
2021-12-28 14:00,37590.0
2021-12-28 15:00,38320.0
2021-12-28 16:00,40610.0
2021-12-28 17:00,42620.0
2021-12-28 18:00,42670.0
2021-12-28 19:00,42080.0
2021-12-28 20:00,41190.0
2021-12-28 21:00,39590.0
2021-12-28 22:00,37410.0
2021-12-28 23:00,35210.0
2021-12-29 00:00,32510.0
2021-12-29 01:00,30720.0
2021-12-29 02:00,29760.0
2021-12-29 03:00,29200.0
2021-12-29 04:00,29110.0
2021-12-29 05:00,30250.0
2021-12-29 06:00,33340.0
2021-12-29 07:00,36800.0
2021-12-29 08:00,39450.0
2021-12-29 09:00,39230.0
2021-12-29 10:00,37660.0
2021-12-29 11:00,36080.0
2021-12-29 12:00,35020.0
2021-12-29 13:00,33910.0
2021-12-29 14:00,33020.0
2021-12-29 15:00,33630.0
2021-12-29 16:00,35770.0
2021-12-29 17:00,38600.0
2021-12-29 18:00,39100.0
2021-12-29 19:00,38780.0
2021-12-29 20:00,38000.0
2021-12-29 21:00,36450.0
2021-12-29 22:00,34350.0
2021-12-29 23:00,32470.0
2021-12-30 00:00,29910.0
2021-12-30 01:00,28460.0
2021-12-30 02:00,27770.0
2021-12-30 03:00,27340.0
2021-12-30 04:00,27390.0
2021-12-30 05:00,28360.0
2021-12-30 06:00,30680.0
2021-12-30 07:00,33260.0
2021-12-30 08:00,34540.0
2021-12-30 09:00,33480.0
2021-12-30 10:00,31730.0
2021-12-30 11:00,30480.0
2021-12-30 12:00,29480.0
2021-12-30 13:00,29190.0
2021-12-30 14:00,28740.0
2021-12-30 15:00,29650.0
2021-12-30 16:00,31800.0
2021-12-30 17:00,34730.0
2021-12-30 18:00,35470.0
2021-12-30 19:00,35420.0
2021-12-30 20:00,34940.0
2021-12-30 21:00,33870.0
2021-12-30 22:00,32060.0
2021-12-30 23:00,30410.0
2021-12-31 00:00,28120.0
2021-12-31 01:00,26770.0
2021-12-31 02:00,26230.0
2021-12-31 03:00,25960.0
2021-12-31 04:00,26040.0
2021-12-31 05:00,26810.0
2021-12-31 06:00,28660.0
2021-12-31 07:00,31050.0
2021-12-31 08:00,32540.0
2021-12-31 09:00,32210.0
2021-12-31 10:00,31320.0
2021-12-31 11:00,31100.0
2021-12-31 12:00,31540.0
2021-12-31 13:00,32080.0
2021-12-31 14:00,32610.0
2021-12-31 15:00,33270.0
2021-12-31 16:00,35640.0
2021-12-31 17:00,38630.0
2021-12-31 18:00,39190.0
2021-12-31 19:00,38880.0
2021-12-31 20:00,38230.0
2021-12-31 21:00,37170.0
2021-12-31 22:00,35890.0
2021-12-31 23:00,35280.0
